head_entity_label,head_entity,relationship,tail_entity_label,tail_entity
[应急工作小组],"{""name"":信息发布组,""危化品应急预案"":危化品应急预案}",牵头,[具体政府部门],"{""name"":市委宣传部,""危化品应急预案"":危化品应急预案}"
[应急总指挥部],"{""name"":市危险化学品生产安全事故应急指挥部,""危化品应急预案"":危化品应急预案}",成员部门,[具体政府部门],"{""name"":市委宣传部,""危化品应急预案"":危化品应急预案}"
[应急工作小组],"{""name"":信息发布组,""危化品应急预案"":危化品应急预案}",非牵头,[具体政府部门],"{""name"":市委网络安全和信息化委员会办公室,""危化品应急预案"":危化品应急预案}"
[应急总指挥部],"{""name"":市危险化学品生产安全事故应急指挥部,""危化品应急预案"":危化品应急预案}",成员部门,[具体政府部门],"{""name"":市委网络安全和信息化委员会办公室,""危化品应急预案"":危化品应急预案}"
[应急总指挥部],"{""name"":市危险化学品生产安全事故应急指挥部,""危化品应急预案"":危化品应急预案}",成员部门,[具体政府部门],"{""name"":南京警备区,""危化品应急预案"":危化品应急预案}"
[应急总指挥部],"{""name"":市危险化学品生产安全事故应急指挥部,""危化品应急预案"":危化品应急预案}",成员部门,[具体政府部门],"{""name"":武警南京支队,""危化品应急预案"":危化品应急预案}"
[应急总指挥部],"{""name"":市危险化学品生产安全事故应急指挥部,""危化品应急预案"":危化品应急预案}",成员部门,[具体政府部门],"{""name"":市发展和改革委员会,""危化品应急预案"":危化品应急预案}"
[应急总指挥部],"{""name"":市危险化学品生产安全事故应急指挥部,""危化品应急预案"":危化品应急预案}",成员部门,[具体政府部门],"{""name"":市工业和信息化局,""危化品应急预案"":危化品应急预案}"
[应急工作小组],"{""name"":事故调查组,""危化品应急预案"":危化品应急预案}",非牵头,[具体政府部门],"{""name"":市公安局,""危化品应急预案"":危化品应急预案}"
[应急工作小组],"{""name"":警戒疏散组,""危化品应急预案"":危化品应急预案}",牵头,[具体政府部门],"{""name"":市公安局,""危化品应急预案"":危化品应急预案}"
[应急总指挥部],"{""name"":市危险化学品生产安全事故应急指挥部,""危化品应急预案"":危化品应急预案}",成员部门,[具体政府部门],"{""name"":市公安局,""危化品应急预案"":危化品应急预案}"
[应急工作小组],"{""name"":综合保障组,""危化品应急预案"":危化品应急预案}",非牵头,[具体政府部门],"{""name"":市民政局,""危化品应急预案"":危化品应急预案}"
[应急总指挥部],"{""name"":市危险化学品生产安全事故应急指挥部,""危化品应急预案"":危化品应急预案}",成员部门,[具体政府部门],"{""name"":市民政局,""危化品应急预案"":危化品应急预案}"
[应急总指挥部],"{""name"":市危险化学品生产安全事故应急指挥部,""危化品应急预案"":危化品应急预案}",成员部门,[具体政府部门],"{""name"":市财政局,""危化品应急预案"":危化品应急预案}"
[应急总指挥部],"{""name"":市危险化学品生产安全事故应急指挥部,""危化品应急预案"":危化品应急预案}",成员部门,[具体政府部门],"{""name"":市人力资源和社会保障局,""危化品应急预案"":危化品应急预案}"
[应急工作小组],"{""name"":事故调查组,""危化品应急预案"":危化品应急预案}",非牵头,[具体政府部门],"{""name"":市生态环境局,""危化品应急预案"":危化品应急预案}"
[应急工作小组],"{""name"":环境保护组,""危化品应急预案"":危化品应急预案}",牵头,[具体政府部门],"{""name"":市生态环境局,""危化品应急预案"":危化品应急预案}"
[应急总指挥部],"{""name"":市危险化学品生产安全事故应急指挥部,""危化品应急预案"":危化品应急预案}",成员部门,[具体政府部门],"{""name"":市生态环境局,""危化品应急预案"":危化品应急预案}"
[应急总指挥部],"{""name"":市危险化学品生产安全事故应急指挥部,""危化品应急预案"":危化品应急预案}",成员部门,[具体政府部门],"{""name"":市城乡建设委员会,""危化品应急预案"":危化品应急预案}"
[应急工作小组],"{""name"":综合保障组,""危化品应急预案"":危化品应急预案}",非牵头,[具体政府部门],"{""name"":市交通运输局,""危化品应急预案"":危化品应急预案}"
[应急总指挥部],"{""name"":市危险化学品生产安全事故应急指挥部,""危化品应急预案"":危化品应急预案}",成员部门,[具体政府部门],"{""name"":市交通运输局,""危化品应急预案"":危化品应急预案}"
[应急总指挥部],"{""name"":市危险化学品生产安全事故应急指挥部,""危化品应急预案"":危化品应急预案}",成员部门,[具体政府部门],"{""name"":市水务局,""危化品应急预案"":危化品应急预案}"
[应急总指挥部],"{""name"":市危险化学品生产安全事故应急指挥部,""危化品应急预案"":危化品应急预案}",成员部门,[具体政府部门],"{""name"":市商务局,""危化品应急预案"":危化品应急预案}"
[应急工作小组],"{""name"":医疗救护组,""危化品应急预案"":危化品应急预案}",牵头,[具体政府部门],"{""name"":市卫生健康委员会,""危化品应急预案"":危化品应急预案}"
[应急总指挥部],"{""name"":市危险化学品生产安全事故应急指挥部,""危化品应急预案"":危化品应急预案}",成员部门,[具体政府部门],"{""name"":市卫生健康委员会,""危化品应急预案"":危化品应急预案}"
[应急工作小组],"{""name"":应急专家组,""危化品应急预案"":危化品应急预案}",牵头,[具体政府部门],"{""name"":市应急管理局,""危化品应急预案"":危化品应急预案}"
[应急工作小组],"{""name"":事故调查组,""危化品应急预案"":危化品应急预案}",牵头,[具体政府部门],"{""name"":市应急管理局,""危化品应急预案"":危化品应急预案}"
[应急工作小组],"{""name"":信息发布组,""危化品应急预案"":危化品应急预案}",非牵头,[具体政府部门],"{""name"":市应急管理局,""危化品应急预案"":危化品应急预案}"
[应急工作小组],"{""name"":综合保障组,""危化品应急预案"":危化品应急预案}",牵头,[具体政府部门],"{""name"":市应急管理局,""危化品应急预案"":危化品应急预案}"
[应急工作小组],"{""name"":抢险救援组,""危化品应急预案"":危化品应急预案}",非牵头,[具体政府部门],"{""name"":市应急管理局,""危化品应急预案"":危化品应急预案}"
[应急工作小组],"{""name"":综合协调组,""危化品应急预案"":危化品应急预案}",牵头,[具体政府部门],"{""name"":市应急管理局,""危化品应急预案"":危化品应急预案}"
[应急总指挥部],"{""name"":市危险化学品生产安全事故应急指挥部,""危化品应急预案"":危化品应急预案}",成员部门,[具体政府部门],"{""name"":市应急管理局,""危化品应急预案"":危化品应急预案}"
[应急总指挥部],"{""name"":市危险化学品生产安全事故应急指挥部,""危化品应急预案"":危化品应急预案}",成员部门,[具体政府部门],"{""name"":市市场监督管理局,""危化品应急预案"":危化品应急预案}"
[措施名称],"{""汽油危化品指导手册"":汽油危化品指导手册,""name"":侦察检测}",泄漏事故细则,[措施细则],"{""汽油危化品指导手册"":汽油危化品指导手册,""name"":b.查明事故区城遇险人数、位置。}"
[措施名称],"{""汽油危化品指导手册"":汽油危化品指导手册,""name"":侦察检测}",泄漏事故细则,[措施细则],"{""汽油危化品指导手册"":汽油危化品指导手册,""name"":f.查明警戒区内重点单位情况、人员数量、地理位置、电源、火源及道路交通情况掌握现场及周边的消防水源位置、储量及给水方式。}"
[应急工作小组],"{""name"":抢险救援组,""危化品应急预案"":危化品应急预案}",牵头,[具体政府部门],"{""name"":南京市消防救援支队,""危化品应急预案"":危化品应急预案}"
[应急总指挥部],"{""name"":市危险化学品生产安全事故应急指挥部,""危化品应急预案"":危化品应急预案}",成员部门,[具体政府部门],"{""name"":南京市消防救援支队,""危化品应急预案"":危化品应急预案}"
[应急总指挥部],"{""name"":市危险化学品生产安全事故应急指挥部,""危化品应急预案"":危化品应急预案}",成员部门,[具体政府部门],"{""name"":市气象局,""危化品应急预案"":危化品应急预案}"
[应急工作小组],"{""name"":通信保障组,""危化品应急预案"":危化品应急预案}",牵头,[具体政府部门],"{""name"":南京通信行业管理办公室,""危化品应急预案"":危化品应急预案}"
[应急总指挥部],"{""name"":市危险化学品生产安全事故应急指挥部,""危化品应急预案"":危化品应急预案}",成员部门,[具体政府部门],"{""name"":南京通信行业管理办公室,""危化品应急预案"":危化品应急预案}"
[应急总指挥部],"{""name"":市危险化学品生产安全事故应急指挥部,""危化品应急预案"":危化品应急预案}",成员部门,[具体政府部门],"{""name"":南京市红十字会,""危化品应急预案"":危化品应急预案}"
[应急总指挥部],"{""name"":市危险化学品生产安全事故应急指挥部,""危化品应急预案"":危化品应急预案}",成员部门,[具体政府部门],"{""name"":南京供电公司,""危化品应急预案"":危化品应急预案}"
[应急工作小组],"{""name"":善后处置组,""危化品应急预案"":危化品应急预案}",牵头,[具体政府部门],"{""name"":事发地区人民政府（江北新区管委会）,""危化品应急预案"":危化品应急预案}"
[应急工作小组],"{""name"":事故调查组,""危化品应急预案"":危化品应急预案}",非牵头,[具体政府部门],"{""name"":事发地区人民政府（江北新区管委会）,""危化品应急预案"":危化品应急预案}"
[应急工作小组],"{""name"":信息发布组,""危化品应急预案"":危化品应急预案}",非牵头,[具体政府部门],"{""name"":事发地区人民政府（江北新区管委会）,""危化品应急预案"":危化品应急预案}"
[应急工作小组],"{""name"":综合保障组,""危化品应急预案"":危化品应急预案}",非牵头,[具体政府部门],"{""name"":事发地区人民政府（江北新区管委会）,""危化品应急预案"":危化品应急预案}"
[应急工作小组],"{""name"":警戒疏散组,""危化品应急预案"":危化品应急预案}",非牵头,[具体政府部门],"{""name"":事发地区人民政府（江北新区管委会）,""危化品应急预案"":危化品应急预案}"
[应急工作小组],"{""name"":综合协调组,""危化品应急预案"":危化品应急预案}",非牵头,[具体政府部门],"{""name"":事发地区人民政府（江北新区管委会）,""危化品应急预案"":危化品应急预案}"
[应急总指挥部],"{""name"":市危险化学品生产安全事故应急指挥部,""危化品应急预案"":危化品应急预案}",成员部门,[具体政府部门],"{""name"":事发地区人民政府（江北新区管委会）,""危化品应急预案"":危化品应急预案}"
[具体政府部门],"{""name"":市委宣传部,""危化品应急预案"":危化品应急预案}",部门负责,[部门职责],"{""name"":负责及时会同有关部门做好安全生产事故的信息发布工作。把握正确舆论导向，引导新闻媒体客观报道突发事件。,""危化品应急预案"":危化品应急预案}"
[具体政府部门],"{""name"":市委网络安全和信息化委员会办公室,""危化品应急预案"":危化品应急预案}",部门负责,[部门职责],"{""name"":负责危险化学品生产安全事故网络舆情的监测、引导和管控，做好重要舆情信息的报告工作。,""危化品应急预案"":危化品应急预案}"
[具体政府部门],"{""name"":南京警备区,""危化品应急预案"":危化品应急预案}",部门负责,[部门职责],"{""name"":根据地方人民政府需求，协调现役解放军、民兵和预备役部队支援协助事故救援。,""危化品应急预案"":危化品应急预案}"
[具体政府部门],"{""name"":武警南京支队,""危化品应急预案"":危化品应急预案}",部门负责,[部门职责],"{""name"":在市委市人民政府协调下参加事故应急处置和救援；协同公安机关担负现场和周边地区的安全警戒，维护社会秩序。,""危化品应急预案"":危化品应急预案}"
[具体政府部门],"{""name"":市发展和改革委员会,""危化品应急预案"":危化品应急预案}",部门负责,[部门职责],"{""name"":负责组织协调应急救援所需的电力保障；负责市级应急救灾物资的收储、轮换和日常管理，根据动用指令按程序组织调出。,""危化品应急预案"":危化品应急预案}"
[具体政府部门],"{""name"":市工业和信息化局,""危化品应急预案"":危化品应急预案}",部门负责,[部门职责],"{""name"":参与工业和信息化领域生产安全事故应急救援工作；负责相关应急救援物资的组织保障。,""危化品应急预案"":危化品应急预案}"
[具体政府部门],"{""name"":市公安局,""危化品应急预案"":危化品应急预案}",部门负责,[部门职责],"{""name"":负责应急救援的治安保卫、道路交通管制，组织提供施救所需的救援器材和其他救援装备。,""危化品应急预案"":危化品应急预案}"
[具体政府部门],"{""name"":市民政局,""危化品应急预案"":危化品应急预案}",部门负责,[部门职责],"{""name"":配合做好遇难人员遗体处置工作。,""危化品应急预案"":危化品应急预案}"
[具体政府部门],"{""name"":市财政局,""危化品应急预案"":危化品应急预案}",部门负责,[部门职责],"{""name"":按照规定落实政府安全生产投入，保障有关部门和单位安全生产工作经费，为应对事故工作提供资金支持。,""危化品应急预案"":危化品应急预案}"
[具体政府部门],"{""name"":市人力资源和社会保障局,""危化品应急预案"":危化品应急预案}",部门负责,[部门职责],"{""name"":指导协调与生产安全事故有关的工伤保险工作；配合有关部门对事故救援工作中作出突出贡献的单位和个人给予奖励。,""危化品应急预案"":危化品应急预案}"
[具体政府部门],"{""name"":市生态环境局,""危化品应急预案"":危化品应急预案}",部门负责,[部门职责],"{""name"":负责组织协调事故现场环境应急监测、预警和环境损坏评估工作，组织制定环境应急处置方案。,""危化品应急预案"":危化品应急预案}"
[具体政府部门],"{""name"":市城乡建设委员会,""危化品应急预案"":危化品应急预案}",部门负责,[部门职责],"{""name"":组织联系施救所需的工程机械、救援器材等救援设备。,""危化品应急预案"":危化品应急预案}"
[具体政府部门],"{""name"":市交通运输局,""危化品应急预案"":危化品应急预案}",部门负责,[部门职责],"{""name"":负责组织协调应急救援所需的水陆交通运输保障。,""危化品应急预案"":危化品应急预案}"
[具体政府部门],"{""name"":市水务局,""危化品应急预案"":危化品应急预案}",部门负责,[部门职责],"{""name"":负责生产安全事故抢险救援过程中水资源调配，组织协调应急救援所需供水保障工作。,""危化品应急预案"":危化品应急预案}"
[具体政府部门],"{""name"":市商务局,""危化品应急预案"":危化品应急预案}",部门负责,[部门职责],"{""name"":负责协调应急救援物资、药品和相关生活用品的保障。,""危化品应急预案"":危化品应急预案}"
[具体政府部门],"{""name"":市卫生健康委员会,""危化品应急预案"":危化品应急预案}",部门负责,[部门职责],"{""name"":负责组织调派医疗专家、卫生救援队伍开展医疗救治工作。,""危化品应急预案"":危化品应急预案}"
[具体政府部门],"{""name"":市应急管理局,""危化品应急预案"":危化品应急预案}",部门负责,[部门职责],"{""name"":综合分析和预测危险化学品行业安全生产形势，发布事故预警信息；负责组织协调危险化学品生产安全事故应急救援工作；负责组织协调生产安全事故应急救援相关物资的调拨；负责组织协调受灾人员的临时生活救助；负责组织开展事故调查处理。,""危化品应急预案"":危化品应急预案}"
[具体政府部门],"{""name"":市市场监督管理局,""危化品应急预案"":危化品应急预案}",部门负责,[部门职责],"{""name"":负责协调涉危险化学品特种设备事故的应急救援工作，提供特种设备事故救援技术支持；负责提供应急救援所需的特种设备信息；负责提供抢救用药品和医疗器材的信息，监督抢救伤员所需药品、医疗器械的质量。,""危化品应急预案"":危化品应急预案}"
[具体政府部门],"{""name"":南京市消防救援支队,""危化品应急预案"":危化品应急预案}",部门负责,[部门职责],"{""name"":负责组织指挥事故现场火灾扑救，控制易燃易爆、有毒有害物质泄漏，搜救失踪人员；负责协调现场施救力量和物资的部署。,""危化品应急预案"":危化品应急预案}"
[具体政府部门],"{""name"":市气象局,""危化品应急预案"":危化品应急预案}",部门负责,[部门职责],"{""name"":负责天气监测、预报、预测，及时提供气象信息服务。,""危化品应急预案"":危化品应急预案}"
[具体政府部门],"{""name"":南京通信行业管理办公室,""危化品应急预案"":危化品应急预案}",部门负责,[部门职责],"{""name"":负责组织协调通信运营企业为事故应急救援提供通信保障。,""危化品应急预案"":危化品应急预案}"
[具体政府部门],"{""name"":南京市红十字会,""危化品应急预案"":危化品应急预案}",部门负责,[部门职责],"{""name"":开展救灾募捐活动，参与救灾和伤员救治工作，开展无偿献血动员宣传等志愿服务活动。,""危化品应急预案"":危化品应急预案}"
[具体政府部门],"{""name"":南京供电公司,""危化品应急预案"":危化品应急预案}",部门负责,[部门职责],"{""name"":负责恢复、保障应急救援现场所需电力供应。,""危化品应急预案"":危化品应急预案}"
[具体政府部门],"{""name"":事发地区人民政府（江北新区管委会）,""危化品应急预案"":危化品应急预案}",部门负责,[部门职责],"{""name"":负责组织、协调、实施本辖区危险化学品生产安全事故应急救援工作。,""危化品应急预案"":危化品应急预案}"
[具体政府部门],"{""name"":市应急指挥部成员单位,""危化品应急预案"":危化品应急预案}",部门负责,[部门职责],"{""name"":与市应急指挥部办公室建立应急联动工作机制，明确联系人及联系方式，保证联络通畅，并加强与其他应急机构的衔接配合。,""危化品应急预案"":危化品应急预案}"
[现场指挥部名称],"{""name"":现场指挥部,""危化品应急预案"":危化品应急预案}",下设,[应急工作小组],"{""name"":综合协调组,""危化品应急预案"":危化品应急预案}"
[现场指挥部名称],"{""name"":现场指挥部,""危化品应急预案"":危化品应急预案}",下设,[应急工作小组],"{""name"":抢险救援组,""危化品应急预案"":危化品应急预案}"
[现场指挥部名称],"{""name"":现场指挥部,""危化品应急预案"":危化品应急预案}",下设,[应急工作小组],"{""name"":警戒疏散组,""危化品应急预案"":危化品应急预案}"
[现场指挥部名称],"{""name"":现场指挥部,""危化品应急预案"":危化品应急预案}",下设,[应急工作小组],"{""name"":交通管制组,""危化品应急预案"":危化品应急预案}"
[现场指挥部名称],"{""name"":现场指挥部,""危化品应急预案"":危化品应急预案}",下设,[应急工作小组],"{""name"":综合保障组,""危化品应急预案"":危化品应急预案}"
[现场指挥部名称],"{""name"":现场指挥部,""危化品应急预案"":危化品应急预案}",下设,[应急工作小组],"{""name"":医疗救护组,""危化品应急预案"":危化品应急预案}"
[现场指挥部名称],"{""name"":现场指挥部,""危化品应急预案"":危化品应急预案}",下设,[应急工作小组],"{""name"":环境保护组,""危化品应急预案"":危化品应急预案}"
[现场指挥部名称],"{""name"":现场指挥部,""危化品应急预案"":危化品应急预案}",下设,[应急工作小组],"{""name"":通信保障组,""危化品应急预案"":危化品应急预案}"
[现场指挥部名称],"{""name"":现场指挥部,""危化品应急预案"":危化品应急预案}",下设,[应急工作小组],"{""name"":信息发布组,""危化品应急预案"":危化品应急预案}"
[现场指挥部名称],"{""name"":现场指挥部,""危化品应急预案"":危化品应急预案}",下设,[应急工作小组],"{""name"":事故调查组,""危化品应急预案"":危化品应急预案}"
[现场指挥部名称],"{""name"":现场指挥部,""危化品应急预案"":危化品应急预案}",下设,[应急工作小组],"{""name"":善后处置组,""危化品应急预案"":危化品应急预案}"
[现场指挥部名称],"{""name"":现场指挥部,""危化品应急预案"":危化品应急预案}",下设,[应急工作小组],"{""name"":应急专家组,""危化品应急预案"":危化品应急预案}"
[应急工作小组],"{""name"":交通管制组,""危化品应急预案"":危化品应急预案}",非牵头,[具体政府部门],"{""name"":有关部门,""危化品应急预案"":危化品应急预案}"
[应急工作小组],"{""name"":警戒疏散组,""危化品应急预案"":危化品应急预案}",非牵头,[具体政府部门],"{""name"":有关部门,""危化品应急预案"":危化品应急预案}"
[应急工作小组],"{""name"":综合协调组,""危化品应急预案"":危化品应急预案}",非牵头,[具体政府部门],"{""name"":有关部门,""危化品应急预案"":危化品应急预案}"
[应急工作小组],"{""name"":综合协调组,""危化品应急预案"":危化品应急预案}",非牵头,[具体政府部门],"{""name"":事发单位,""危化品应急预案"":危化品应急预案}"
[应急工作小组],"{""name"":抢险救援组,""危化品应急预案"":危化品应急预案}",非牵头,[具体政府部门],"{""name"":专业应急救援队伍,""危化品应急预案"":危化品应急预案}"
[应急工作小组],"{""name"":抢险救援组,""危化品应急预案"":危化品应急预案}",非牵头,[具体政府部门],"{""name"":事发单位救援人员,""危化品应急预案"":危化品应急预案}"
[应急工作小组],"{""name"":交通管制组,""危化品应急预案"":危化品应急预案}",非牵头,[具体政府部门],"{""name"":事发单位安全保卫人员,""危化品应急预案"":危化品应急预案}"
[应急工作小组],"{""name"":警戒疏散组,""危化品应急预案"":危化品应急预案}",非牵头,[具体政府部门],"{""name"":事发单位安全保卫人员,""危化品应急预案"":危化品应急预案}"
[应急工作小组],"{""name"":交通管制组,""危化品应急预案"":危化品应急预案}",牵头,[具体政府部门],"{""name"":市公安,""危化品应急预案"":危化品应急预案}"
[应急工作小组],"{""name"":交通管制组,""危化品应急预案"":危化品应急预案}",非牵头,[具体政府部门],"{""name"":事发地区人民政府,""危化品应急预案"":危化品应急预案}"
[事故状态类型],"{""汽油危化品指导手册"":汽油危化品指导手册,""name"":运输事故处置程序}",运输事故措施,[措施名称],"{""汽油危化品指导手册"":汽油危化品指导手册,""name"":侦察检测}"
[事故类型],"{""汽油危化品指导手册"":汽油危化品指导手册,""name"":泄漏事故}",事故措施,[措施名称],"{""汽油危化品指导手册"":汽油危化品指导手册,""name"":侦察检测}"
[措施名称],"{""汽油危化品指导手册"":汽油危化品指导手册,""name"":侦察检测}",泄漏事故细则,[措施细则],"{""汽油危化品指导手册"":汽油危化品指导手册,""name"":d.查明泄漏区域内管线、沟渠、下水道走向布局。}"
[小组职责],"{""name"":根据实际情况实行交通管制和疏导工作。,""危化品应急预案"":危化品应急预案}",小组细则名称,[措施名称],"{""汽油危化品指导手册"":汽油危化品指导手册,""name"":疏散警戒}"
[小组职责],"{""name"":负责组织事故可能危及区域有关人员的紧急疏散、撤离工作；对事故现场进行保护、警戒，维持现场抢险救灾秩序，维护社会治安。,""危化品应急预案"":危化品应急预案}",小组细则名称,[措施名称],"{""汽油危化品指导手册"":汽油危化品指导手册,""name"":疏散警戒}"
[事故状态类型],"{""汽油危化品指导手册"":汽油危化品指导手册,""name"":运输事故处置程序}",运输事故措施,[措施名称],"{""汽油危化品指导手册"":汽油危化品指导手册,""name"":疏散警戒}"
[事故类型],"{""汽油危化品指导手册"":汽油危化品指导手册,""name"":泄漏事故}",事故措施,[措施名称],"{""汽油危化品指导手册"":汽油危化品指导手册,""name"":疏散警戒}"
[事故类型],"{""汽油危化品指导手册"":汽油危化品指导手册,""name"":泄漏事故}",事故措施,[措施名称],"{""汽油危化品指导手册"":汽油危化品指导手册,""name"":禁绝火源}"
[措施名称],"{""汽油危化品指导手册"":汽油危化品指导手册,""name"":安全防护}",泄漏事故细则,[措施细则],"{""汽油危化品指导手册"":汽油危化品指导手册,""name"":进入重危区的救援人员必须实施二级及以上防护，并采取雾状水掩护。}"
[措施名称],"{""汽油危化品指导手册"":汽油危化品指导手册,""name"":应急处置}",泄漏事故细则,[措施细则],"{""汽油危化品指导手册"":汽油危化品指导手册,""name"":a.少量泄漏。用沙土、蛭石、吸油毡或其他惰性材料吸收。}"
[措施名称],"{""汽油危化品指导手册"":汽油危化品指导手册,""name"":应急处置}",泄漏事故细则,[措施细则],"{""汽油危化品指导手册"":汽油危化品指导手册,""name"":e.关阀堵漏。}"
[措施名称],"{""汽油危化品指导手册"":汽油危化品指导手册,""name"":洗消处理}",着火事故细则,[措施细则],"{""汽油危化品指导手册"":汽油危化品指导手册,""name"":b.用水冲洗救援中使用的装备及被污染的衣物，消除其危害。}"
[措施名称],"{""汽油危化品指导手册"":汽油危化品指导手册,""name"":洗消处理}",泄漏事故细则,[措施细则],"{""汽油危化品指导手册"":汽油危化品指导手册,""name"":b.用水冲洗救援中使用的装备及被污染的衣物，消除其危害。}"
[措施名称],"{""汽油危化品指导手册"":汽油危化品指导手册,""name"":清理移交}",着火事故细则,[措施细则],"{""汽油危化品指导手册"":汽油危化品指导手册,""name"":c.做好移交，安全归建。}"
[措施名称],"{""汽油危化品指导手册"":汽油危化品指导手册,""name"":清理移交}",泄漏事故细则,[措施细则],"{""汽油危化品指导手册"":汽油危化品指导手册,""name"":c.做好移交，安全归建。}"
[小组职责],"{""name"":负责事故和救援信息的发布，组织起草新闻发布稿和事故情况通稿，制定新闻发布方案，组织接待记者，适时组织新闻发布会。,""危化品应急预案"":危化品应急预案}",小组细则名称,[措施名称],"{""汽油危化品指导手册"":汽油危化品指导手册,""name"":第一时间了解灾情信息}"
[事故类型],"{""汽油危化品指导手册"":汽油危化品指导手册,""name"":着火事故}",事故措施,[措施名称],"{""汽油危化品指导手册"":汽油危化品指导手册,""name"":第一时间了解灾情信息}"
[措施名称],"{""汽油危化品指导手册"":汽油危化品指导手册,""name"":安全防护}",着火事故细则,[措施细则],"{""汽油危化品指导手册"":汽油危化品指导手册,""name"":人员进入现场或警戒区，必须佩戴呼吸器及各种防护器具。进入重危区的救援人员必须实施三级以上防护，并采取 雾状水掩护。}"
[措施名称],"{""汽油危化品指导手册"":汽油危化品指导手册,""name"":现场侦检}",着火事故细则,[措施细则],"{""汽油危化品指导手册"":汽油危化品指导手册,""name"":c.人员伤亡信息：事故区域遇险人数、位置、先期疏散抢救人员等情况。}"
[具体政府部门],"{""name"":市公安局,""危化品应急预案"":危化品应急预案}",牵头负责,[小组职责],"{""name"":负责组织事故可能危及区域有关人员的紧急疏散、撤离工作；对事故现场进行保护、警戒，维持现场抢险救灾秩序，维护社会治安。,""危化品应急预案"":危化品应急预案}"
[应急工作小组],"{""name"":警戒疏散组,""危化品应急预案"":危化品应急预案}",小组负责,[小组职责],"{""name"":负责组织事故可能危及区域有关人员的紧急疏散、撤离工作；对事故现场进行保护、警戒，维持现场抢险救灾秩序，维护社会治安。,""危化品应急预案"":危化品应急预案}"
[具体政府部门],"{""name"":市公安,""危化品应急预案"":危化品应急预案}",牵头负责,[小组职责],"{""name"":根据实际情况实行交通管制和疏导工作。,""危化品应急预案"":危化品应急预案}"
[应急工作小组],"{""name"":交通管制组,""危化品应急预案"":危化品应急预案}",小组负责,[小组职责],"{""name"":根据实际情况实行交通管制和疏导工作。,""危化品应急预案"":危化品应急预案}"
[具体政府部门],"{""name"":市应急管理局,""危化品应急预案"":危化品应急预案}",牵头负责,[小组职责],"{""name"":协调组织设立现场指挥部办公场所，为现场抢险救援工作人员提供生活后勤保障，安置事故伤亡人员家属；调配车辆运输应急物资到现场。,""危化品应急预案"":危化品应急预案}"
[应急工作小组],"{""name"":综合保障组,""危化品应急预案"":危化品应急预案}",小组负责,[小组职责],"{""name"":协调组织设立现场指挥部办公场所，为现场抢险救援工作人员提供生活后勤保障，安置事故伤亡人员家属；调配车辆运输应急物资到现场。,""危化品应急预案"":危化品应急预案}"
[具体政府部门],"{""name"":市卫生健康委员会,""危化品应急预案"":危化品应急预案}",牵头负责,[小组职责],"{""name"":组织医疗救护队伍进入事故现场，开展医疗救治工作。,""危化品应急预案"":危化品应急预案}"
[应急工作小组],"{""name"":医疗救护组,""危化品应急预案"":危化品应急预案}",小组负责,[小组职责],"{""name"":组织医疗救护队伍进入事故现场，开展医疗救治工作。,""危化品应急预案"":危化品应急预案}"
[具体政府部门],"{""name"":市生态环境局,""危化品应急预案"":危化品应急预案}",牵头负责,[小组职责],"{""name"":负责对事故现场周边环境的实时监测，分析并提供监测数据；对由危险化学品造成的突发环境事件及其处理过程中产生的污染物，指导协助有关部门做好处理处置工作。,""危化品应急预案"":危化品应急预案}"
[应急工作小组],"{""name"":环境保护组,""危化品应急预案"":危化品应急预案}",小组负责,[小组职责],"{""name"":负责对事故现场周边环境的实时监测，分析并提供监测数据；对由危险化学品造成的突发环境事件及其处理过程中产生的污染物，指导协助有关部门做好处理处置工作。,""危化品应急预案"":危化品应急预案}"
[具体政府部门],"{""name"":南京通信行业管理办公室,""危化品应急预案"":危化品应急预案}",牵头负责,[小组职责],"{""name"":保障事故救援现场通信畅通。,""危化品应急预案"":危化品应急预案}"
[应急工作小组],"{""name"":通信保障组,""危化品应急预案"":危化品应急预案}",小组负责,[小组职责],"{""name"":保障事故救援现场通信畅通。,""危化品应急预案"":危化品应急预案}"
[具体政府部门],"{""name"":市委宣传部,""危化品应急预案"":危化品应急预案}",牵头负责,[小组职责],"{""name"":负责事故和救援信息的发布，组织起草新闻发布稿和事故情况通稿，制定新闻发布方案，组织接待记者，适时组织新闻发布会。,""危化品应急预案"":危化品应急预案}"
[应急工作小组],"{""name"":信息发布组,""危化品应急预案"":危化品应急预案}",小组负责,[小组职责],"{""name"":负责事故和救援信息的发布，组织起草新闻发布稿和事故情况通稿，制定新闻发布方案，组织接待记者，适时组织新闻发布会。,""危化品应急预案"":危化品应急预案}"
[具体政府部门],"{""name"":市应急管理局,""危化品应急预案"":危化品应急预案}",牵头负责,[小组职责],"{""name"":组织事故调查，开展应急处置评估，形成事故调查报告，提出事故处理及防范措施意见。,""危化品应急预案"":危化品应急预案}"
[应急工作小组],"{""name"":事故调查组,""危化品应急预案"":危化品应急预案}",小组负责,[小组职责],"{""name"":组织事故调查，开展应急处置评估，形成事故调查报告，提出事故处理及防范措施意见。,""危化品应急预案"":危化品应急预案}"
[具体政府部门],"{""name"":事发地区人民政府（江北新区管委会）,""危化品应急预案"":危化品应急预案}",牵头负责,[小组职责],"{""name"":负责事故伤亡人员的善后处理；事故影响范围内人员生活安置。,""危化品应急预案"":危化品应急预案}"
[应急工作小组],"{""name"":善后处置组,""危化品应急预案"":危化品应急预案}",小组负责,[小组职责],"{""name"":负责事故伤亡人员的善后处理；事故影响范围内人员生活安置。,""危化品应急预案"":危化品应急预案}"
[具体政府部门],"{""name"":市应急管理局,""危化品应急预案"":危化品应急预案}",牵头负责,[小组职责],"{""name"":根据事故现场情况，对事故进行分析判断和事态评估，参与制定应急抢险方案，提供技术支持和决策咨询。,""危化品应急预案"":危化品应急预案}"
[应急工作小组],"{""name"":应急专家组,""危化品应急预案"":危化品应急预案}",小组负责,[小组职责],"{""name"":根据事故现场情况，对事故进行分析判断和事态评估，参与制定应急抢险方案，提供技术支持和决策咨询。,""危化品应急预案"":危化品应急预案}"
[危化品],"{""汽油危化品指导手册"":汽油危化品指导手册,""name"":汽油}",眼睛接触,[眼睛接触],"{""name"":立即提起眼睑，用大量流动清水或生理盐水彻底冲洗至少15分钟。就医。,""msds库"":msds库}"
[危化品],"{""汽油危化品指导手册"":汽油危化品指导手册,""name"":汽油}",法规信息,[法规信息],"{""name"":化学危险物品安全管理条例 (1987年2月17日国务院发布)，化学危险物品安全管理条例实施细则 (化劳发[1992] 677号)，工作场所安全使用化学品规定 ([1996]劳部发423号)等法规，针对化学危险品的安全使用、生产、储存、运输、装卸等方面均作了相应规定；常用危险化学品的分类及标志 (GB 13690-92)将该物质划为第3.1 类低闪点易燃液体；车间空气中溶剂汽油卫生标准 (GB 11719-89)，规定了车间空气中该物质的最高容许浓度及检测方法。,""msds库"":msds库}"
[危化品],"{""汽油危化品指导手册"":汽油危化品指导手册,""name"":汽油}",存储注意事项,[存储注意事项],"{""name"":储存于阴凉、通风的库房。远离火种、热源。库温不宜超过30℃。保持容器密封。应与氧化剂分开存放，切忌混储。采用防爆型照明、通风设施。禁止使用易产生火花的机械设备和工具。储区应备有泄漏应急处理设备和合适的收容材料。,""msds库"":msds库}"
[危化品],"{""汽油危化品指导手册"":汽油危化品指导手册,""name"":汽油}",危险性类别,[危险性类别],"{""name"":第3.1类 低闪点易燃液体,""msds库"":msds库}"
[危化品],"{""汽油危化品指导手册"":汽油危化品指导手册,""name"":汽油}",相对密度_空气_1_,[相对密度_空气_1_],"{""name"":3.5,""msds库"":msds库}"
[危化品],"{""汽油危化品指导手册"":汽油危化品指导手册,""name"":汽油}",爆炸上限_v___,[爆炸上限_v___],"{""name"":7.6,""msds库"":msds库}"
[危化品],"{""汽油危化品指导手册"":汽油危化品指导手册,""name"":汽油}",包装类别,[包装类别],"{""name"":O52,""msds库"":msds库}"
[应急总指挥部],"{""name"":市危险化学品生产安全事故应急指挥部,""危化品应急预案"":危化品应急预案}",设立,[现场指挥部名称],"{""name"":现场指挥部,""危化品应急预案"":危化品应急预案}"
[应急工作小组],"{""name"":通信保障组,""危化品应急预案"":危化品应急预案}",非牵头,[具体政府部门],"{""name"":南京通信中国电信南京分公司,""危化品应急预案"":危化品应急预案}"
[应急工作小组],"{""name"":通信保障组,""危化品应急预案"":危化品应急预案}",非牵头,[具体政府部门],"{""name"":中国移动南京分公司,""危化品应急预案"":危化品应急预案}"
[应急工作小组],"{""name"":通信保障组,""危化品应急预案"":危化品应急预案}",非牵头,[具体政府部门],"{""name"":中国联通南京分公司,""危化品应急预案"":危化品应急预案}"
[应急工作小组],"{""name"":事故调查组,""危化品应急预案"":危化品应急预案}",非牵头,[具体政府部门],"{""name"":市检察院,""危化品应急预案"":危化品应急预案}"
[应急工作小组],"{""name"":事故调查组,""危化品应急预案"":危化品应急预案}",非牵头,[具体政府部门],"{""name"":市监察委员会,""危化品应急预案"":危化品应急预案}"
[应急工作小组],"{""name"":事故调查组,""危化品应急预案"":危化品应急预案}",非牵头,[具体政府部门],"{""name"":市总工会,""危化品应急预案"":危化品应急预案}"
[具体政府部门],"{""name"":市应急管理局,""危化品应急预案"":危化品应急预案}",牵头负责,[小组职责],"{""name"":协调组织事故现场救援工作；负责向各专业小组传达指挥部指令；负责联系和督促各组工作；派出专家组，共同参与事故的处置工作；调运应急物资。,""危化品应急预案"":危化品应急预案}"
[应急工作小组],"{""name"":综合协调组,""危化品应急预案"":危化品应急预案}",小组负责,[小组职责],"{""name"":协调组织事故现场救援工作；负责向各专业小组传达指挥部指令；负责联系和督促各组工作；派出专家组，共同参与事故的处置工作；调运应急物资。,""危化品应急预案"":危化品应急预案}"
[具体政府部门],"{""name"":南京市消防救援支队,""危化品应急预案"":危化品应急预案}",牵头负责,[小组职责],"{""name"":负责火灾、爆炸、有毒物质泄漏事故现场应急处置，并组织对遇险、受伤人员进行营救和失踪人员的搜救。,""危化品应急预案"":危化品应急预案}"
[应急工作小组],"{""name"":抢险救援组,""危化品应急预案"":危化品应急预案}",小组负责,[小组职责],"{""name"":负责火灾、爆炸、有毒物质泄漏事故现场应急处置，并组织对遇险、受伤人员进行营救和失踪人员的搜救。,""危化品应急预案"":危化品应急预案}"
[危化品],"{""汽油危化品指导手册"":汽油危化品指导手册,""name"":汽油}",闪点___,[闪点___],"{""name"":≤-18,""msds库"":msds库}"
[危化品],"{""汽油危化品指导手册"":汽油危化品指导手册,""name"":汽油}",沸点___,[沸点___],"{""name"":122.5,""msds库"":msds库}"
[危化品],"{""汽油危化品指导手册"":汽油危化品指导手册,""name"":汽油}",灭火方法,[灭火方法],"{""name"":喷水冷却容器，可能的话将容器从火场移至空旷处。灭火剂：泡沫、干粉、二氧化碳。用水灭火无效。,""msds库"":msds库}"
[措施名称],"{""汽油危化品指导手册"":汽油危化品指导手册,""name"":疏散警戒}",泄漏事故细则,[措施细则],"{""汽油危化品指导手册"":汽油危化品指导手册,""name"":b.疏散泄漏区域及扩散可能波及范围的一切无关人员。}"
[事故类型],"{""汽油危化品指导手册"":汽油危化品指导手册,""name"":着火事故}",事故措施,[措施名称],"{""汽油危化品指导手册"":汽油危化品指导手册,""name"":安全防护}"
[事故类型],"{""汽油危化品指导手册"":汽油危化品指导手册,""name"":泄漏事故}",事故措施,[措施名称],"{""汽油危化品指导手册"":汽油危化品指导手册,""name"":安全防护}"
[措施名称],"{""汽油危化品指导手册"":汽油危化品指导手册,""name"":技术支持}",泄漏事故细则,[措施细则],"{""汽油危化品指导手册"":汽油危化品指导手册,""name"":应急救援部门会同事故单位、石油化工等部门的专家、技术人员判断事故状况，提供技术支持，制定应急救援方案，并参加配合应急救援行动。}"
[措施名称],"{""汽油危化品指导手册"":汽油危化品指导手册,""name"":应急处置}",泄漏事故细则,[措施细则],"{""汽油危化品指导手册"":汽油危化品指导手册,""name"":c.挖坑收容。如果泄漏物沿一个方向流动，则在其流动的下方挖掘沟槽。}"
[事故状态类型],"{""汽油危化品指导手册"":汽油危化品指导手册,""name"":运输事故处置程序}",运输事故措施,[措施名称],"{""汽油危化品指导手册"":汽油危化品指导手册,""name"":洗消处理}"
[事故类型],"{""汽油危化品指导手册"":汽油危化品指导手册,""name"":着火事故}",事故措施,[措施名称],"{""汽油危化品指导手册"":汽油危化品指导手册,""name"":洗消处理}"
[事故类型],"{""汽油危化品指导手册"":汽油危化品指导手册,""name"":泄漏事故}",事故措施,[措施名称],"{""汽油危化品指导手册"":汽油危化品指导手册,""name"":洗消处理}"
[措施名称],"{""汽油危化品指导手册"":汽油危化品指导手册,""name"":清理移交}",着火事故细则,[措施细则],"{""汽油危化品指导手册"":汽油危化品指导手册,""name"":a.用雾状水或惰性气体清扫现场内事故罐、管道、低洼地、下水道、沟渠等处，确保不留残液。}"
[措施名称],"{""汽油危化品指导手册"":汽油危化品指导手册,""name"":清理移交}",泄漏事故细则,[措施细则],"{""汽油危化品指导手册"":汽油危化品指导手册,""name"":a.用雾状水或惰性气体清扫现场内事故罐、管道、低洼地、下水道、沟渠等处，确保不留残液。}"
[措施名称],"{""汽油危化品指导手册"":汽油危化品指导手册,""name"":现场侦检}",着火事故细则,[措施细则],"{""汽油危化品指导手册"":汽油危化品指导手册,""name"":b.事故基础信息: 事故地点、危害气体浓度、火灾严重程度、邻近建(构)筑物受火势威胁、事故单位已采取的处置措施、内部消防设施配备及运行。}"
[措施名称],"{""汽油危化品指导手册"":汽油危化品指导手册,""name"":火场警戒的实施}",着火事故细则,[措施细则],"{""汽油危化品指导手册"":汽油危化品指导手册,""name"":a.火场应设置警戒工作区域。根据侦察检测情况，确定警戒范围，并划分危险区和安全区，设置警戒标志和出入口。严格控制进入警戒区的人员、车辆和物资，进行安全检查做好记录。根据动态检测结果，适时调整警戒范围。及时疏散着火区域和爆炸可能波及范围的无关人员。}"
[措施名称],"{""汽油危化品指导手册"":汽油危化品指导手册,""name"":应急处置}",着火事故细则,[措施细则],"{""汽油危化品指导手册"":汽油危化品指导手册,""name"":c.冷却防爆。冷却防爆是救援队到场时的首要任务。如果到场时，装置的全部或局部及地面均在燃烧，应先设法用泡沫扑灭地面火灾，并在地面及邻近沟槽表面喷射泡沫，在此基础上对事故装置及邻近设备可用水实施从上至下的全方位冷却。冷却中应优先选择重要部位，并分别利用装置邻近高压固定炮、半固定消火栓系统，快速出水。冷却水枪应来回摆动，不能停留在同一部位，防止冷却不均匀使装置变形，装置爆炸后防爆膜爆破，或装置开裂。冷却时应防止冷却水直接进入反应器而扩大事态。为防止燃爆对消防车辆和作战阵地构成的威胁，车辆停靠位置、指挥阵地、分水阵地应设置在上风或侧上风。冷却时，充分利用固定水喷淋系统对燃烧或受到火势威胁的储罐实施冷却，当固定与半固定设施损坏时，现场要加大冷却强度，以防止水流瞬间汽化。同时高喷、消防炮等远距离、大口径装备要合理运用，均匀射水。要重点冷却被火焰直接烘烤的罐壁表面和邻近罐壁，一般情况下，着火罐全部冷却，邻近罐冷却其面对着火罐一侧的表面积一半(具体根据实际情况来决定)。}"
[事故类型],"{""汽油危化品指导手册"":汽油危化品指导手册,""name"":爆炸事故}",事故措施,[措施名称],"{""汽油危化品指导手册"":汽油危化品指导手册,""name"":实施现场警戒与撤离}"
[措施名称],"{""汽油危化品指导手册"":汽油危化品指导手册,""name"":实施现场警戒与撤离}",爆炸事故细则,[措施细则],"{""汽油危化品指导手册"":汽油危化品指导手册,""name"":d.为减少爆炸事故危害，应适度扩大警戒范围，撤离相关职工群众，做好疏散职工群众思想安全教育工作。}"
[小组职责],"{""name"":组织医疗救护队伍进入事故现场，开展医疗救治工作。,""危化品应急预案"":危化品应急预案}",小组细则名称,[措施名称],"{""汽油危化品指导手册"":汽油危化品指导手册,""name"":现场询情}"
[事故状态类型],"{""汽油危化品指导手册"":汽油危化品指导手册,""name"":运输事故处置程序}",运输事故措施,[措施名称],"{""汽油危化品指导手册"":汽油危化品指导手册,""name"":现场询情}"
[措施名称],"{""汽油危化品指导手册"":汽油危化品指导手册,""name"":现场询情}",运输事故细则,[措施细则],"{""汽油危化品指导手册"":汽油危化品指导手册,""name"":汽油储存量、泄漏量、泄漏时间、部位、形式、扩散范围等；泄漏事故周边居民、地形、电源、火源等；应急措施、工艺措施、现场人员处理意见等。}"
[事故状态类型],"{""汽油危化品指导手册"":汽油危化品指导手册,""name"":运输事故处置程序}",运输事故措施,[措施名称],"{""汽油危化品指导手册"":汽油危化品指导手册,""name"":个体防护}"
[措施名称],"{""汽油危化品指导手册"":汽油危化品指导手册,""name"":个体防护}",运输事故细则,[措施细则],"{""汽油危化品指导手册"":汽油危化品指导手册,""name"":参加泄漏处理人员应充分了解汽油的理化性质，要于高处和上风处进行处理，严禁单独行动，要有监护人。必要时要用雾状水掩护。要根据汽油的性质和毒物接触形式，选择适当的防护用品，防止事故处理过程中发生伤亡、中毒事故。}"
[措施名称],"{""汽油危化品指导手册"":汽油危化品指导手册,""name"":侦察检测}",运输事故细则,[措施细则],"{""汽油危化品指导手册"":汽油危化品指导手册,""name"":搜寻现场是否有遇险人员；使用检测仪器测定汽油浓度及扩散范围；测定风向、风速及气象数据；确认在现场周围可能会引起火灾、爆炸的各种危险源；确定攻防路线、阵地；确定周边污染情况。}"
[措施名称],"{""汽油危化品指导手册"":汽油危化品指导手册,""name"":疏散警戒}",运输事故细则,[措施细则],"{""汽油危化品指导手册"":汽油危化品指导手册,""name"":根据询情、侦检情况确定警戒区域；将警戒区域划分为重危区、中危区、轻危区和安全区并设置警戒标志，在安全区视情设立隔离带。合理设置出入口，严控进出人员、车辆、物资，并进行安全检查、逐一登记。}"
[措施名称],"{""汽油危化品指导手册"":汽油危化品指导手册,""name"":应急处置}",运输事故细则,[措施细则],"{""汽油危化品指导手册"":汽油危化品指导手册,""name"":①启用喷淋、泡沫、蒸汽等固定、半固定灭火设施；消防车供水或选定水源、铺设水带、设置阵地、有序展开，设置水幕或蒸汽幕，稀释、降解汽油浓度；采用雾状射流形成水幕墙、防止汽油向重要目标或危险源扩散。}"
[措施名称],"{""汽油危化品指导手册"":汽油危化品指导手册,""name"":应急处置}",运输事故细则,[措施细则],"{""汽油危化品指导手册"":汽油危化品指导手册,""name"":②堵漏、注水排险。根据现场泄漏情况，研究堵漏方案，并严格按照堵漏方案实施；根据泄漏情况，在采取其他措施的同时，可通过向罐内注水，抬高液位。}"
[措施名称],"{""汽油危化品指导手册"":汽油危化品指导手册,""name"":应急处置}",运输事故细则,[措施细则],"{""汽油危化品指导手册"":汽油危化品指导手册,""name"":③输转倒罐。通过输转设备和管道采用烃泵倒罐、压力差倒罐置换将汽油从事故储运装置倒入安全装置或容器内。}"
[小组职责],"{""name"":根据事故现场情况，对事故进行分析判断和事态评估，参与制定应急抢险方案，提供技术支持和决策咨询。,""危化品应急预案"":危化品应急预案}",小组细则名称,[措施名称],"{""汽油危化品指导手册"":汽油危化品指导手册,""name"":技术支持}"
[小组职责],"{""name"":保障事故救援现场通信畅通。,""危化品应急预案"":危化品应急预案}",小组细则名称,[措施名称],"{""汽油危化品指导手册"":汽油危化品指导手册,""name"":技术支持}"
[小组职责],"{""name"":负责对事故现场周边环境的实时监测，分析并提供监测数据；对由危险化学品造成的突发环境事件及其处理过程中产生的污染物，指导协助有关部门做好处理处置工作。,""危化品应急预案"":危化品应急预案}",小组细则名称,[措施名称],"{""汽油危化品指导手册"":汽油危化品指导手册,""name"":技术支持}"
[事故类型],"{""汽油危化品指导手册"":汽油危化品指导手册,""name"":泄漏事故}",事故措施,[措施名称],"{""汽油危化品指导手册"":汽油危化品指导手册,""name"":技术支持}"
[措施名称],"{""汽油危化品指导手册"":汽油危化品指导手册,""name"":应急处置}",泄漏事故细则,[措施细则],"{""汽油危化品指导手册"":汽油危化品指导手册,""name"":b.大量泄漏。在适合位置构筑围堤，保证有足够的时间在泄漏物到达前修好围堤。}"
[措施名称],"{""汽油危化品指导手册"":汽油危化品指导手册,""name"":应急处置}",泄漏事故细则,[措施细则],"{""汽油危化品指导手册"":汽油危化品指导手册,""name"":f.输转倒罐。}"
[事故状态类型],"{""汽油危化品指导手册"":汽油危化品指导手册,""name"":运输事故处置程序}",运输事故措施,[措施名称],"{""汽油危化品指导手册"":汽油危化品指导手册,""name"":清理移交}"
[事故类型],"{""汽油危化品指导手册"":汽油危化品指导手册,""name"":着火事故}",事故措施,[措施名称],"{""汽油危化品指导手册"":汽油危化品指导手册,""name"":清理移交}"
[事故类型],"{""汽油危化品指导手册"":汽油危化品指导手册,""name"":泄漏事故}",事故措施,[措施名称],"{""汽油危化品指导手册"":汽油危化品指导手册,""name"":清理移交}"
[危化品],"{""汽油危化品指导手册"":汽油危化品指导手册,""name"":汽油}",刺激性,[刺激性],"{""name"":人经眼：140ppm/8小时，轻度刺激。,""msds库"":msds库}"
[危化品],"{""汽油危化品指导手册"":汽油危化品指导手册,""name"":汽油}",眼睛防护措施,[眼睛防护措施],"{""name"":一般不需要特殊防护，高浓度接触时可戴化学安全防护眼镜。,""msds库"":msds库}"
[危化品],"{""汽油危化品指导手册"":汽油危化品指导手册,""name"":汽油}",英文名称,[英文名称],"{""name"":Gasoline,""msds库"":msds库}"
[危化品],"{""汽油危化品指导手册"":汽油危化品指导手册,""name"":汽油}",急性毒性,[急性毒性],"{""name"":LD50：67000 mg/kg(小鼠经口)(120号溶剂汽油)LC50：103000mg/m3，2小时(小鼠吸入)(120号溶剂汽油),""msds库"":msds库}"
[危化品],"{""硝化棉危化品指导手册"":硝化棉危化品指导手册,""name"":硝化棉}",稳定性,[稳定性],"{""msds库"":msds库,""name"":在常温常压下稳定}"
[危化品],"{""汽油危化品指导手册"":汽油危化品指导手册,""name"":汽油}",稳定性,[稳定性],"{""msds库"":msds库,""name"":在常温常压下稳定}"
[危化品],"{""汽油危化品指导手册"":汽油危化品指导手册,""name"":汽油}",健康危害,[健康危害],"{""name"":急性中毒：对中枢神经系统有麻醉作用。轻度中毒症状有头晕、头痛、恶心、呕吐、步态不稳、共济失调。高浓度吸入出现中毒性脑病。极高浓度吸入引起意识突然丧失、反射性呼吸停止。可伴有中毒性周围神经病及化学性肺炎。部分患者出现中毒性精神病。液体吸入呼吸道可引起吸入性肺炎。溅入眼内可致角膜溃疡、穿孔，甚至失明。皮肤接触致急性接触性皮炎，甚至灼伤。吞咽引起急性胃肠炎，重者出现类似急性吸入中毒症状，并可引起肝、肾损害。慢性中毒：神经衰弱综合征、植物神经功能紊乱、周围神经病。严重中毒出现中毒性脑病，症状类似精神分裂症。皮肤损害。?,""msds库"":msds库}"
[危化品],"{""汽油危化品指导手册"":汽油危化品指导手册,""name"":汽油}",TLVWN_ppm_mg_m3_,[TLVWN_ppm_mg_m3_],"{""msds库"":msds库,""name"":ACGIH 500ppm,1480mg/m3}"
[危化品],"{""汽油危化品指导手册"":汽油危化品指导手册,""name"":汽油}",包装方法,[包装方法],"{""name"":小开口钢桶；安瓿瓶外普通木箱；螺纹口玻璃瓶、铁盖压口玻璃瓶、塑料瓶或金属桶（罐）外普通木箱。,""msds库"":msds库}"
[危化品],"{""汽油危化品指导手册"":汽油危化品指导手册,""name"":汽油}",工程控制,[工程控制],"{""name"":生产过程密闭，全面通风。,""msds库"":msds库}"
[危化品],"{""汽油危化品指导手册"":汽油危化品指导手册,""name"":汽油}",储运注意事项,[储运注意事项],"{""name"":本品铁路运输时限使用钢制企业自备罐车装运，装运前需报有关部门批准。运输时运输车辆应配备相应品种和数量的消防器材及泄漏应急处理设备。夏季最好早晚运输。运输时所用的槽（罐）车应有接地链，槽内可设孔隔板以减少震荡产生静电。严禁与氧化剂等混装混运。运输途中应防曝晒、雨淋，防高温。中途停留时应远离火种、热源、高温区。装运该物品的车辆排气管必须配备阻火装置，禁止使用易产生火花的机械设备和工具装卸。公路运输时要按规定路线行驶，勿在居民区和人口稠密区停留。铁路运输时要禁止溜放。严禁用木船、水泥船散装运输。?,""msds库"":msds库}"
[危化品],"{""汽油危化品指导手册"":汽油危化品指导手册,""name"":汽油}",呼吸系统防护措施,[呼吸系统防护措施],"{""name"":一般不需要特殊防护，高浓度接触时可佩戴自吸过滤式防毒面具（半面罩）。,""msds库"":msds库}"
[危化品],"{""汽油危化品指导手册"":汽油危化品指导手册,""name"":汽油}",蒸发热_KJ_mol_25__,[蒸发热_KJ_mol_25__],"{""name"":310.0,""msds库"":msds库}"
[危化品],"{""汽油危化品指导手册"":汽油危化品指导手册,""name"":汽油}",有害燃烧产物,[有害燃烧产物],"{""name"":一氧化碳、二氧化碳。,""msds库"":msds库}"
[危化品],"{""汽油危化品指导手册"":汽油危化品指导手册,""name"":汽油}",引燃温度___,[引燃温度___],"{""name"":390.0,""msds库"":msds库}"
[危化品],"{""汽油危化品指导手册"":汽油危化品指导手册,""name"":汽油}",分子式,[分子式],"{""msds库"":msds库,""name"":C4-C12(脂肪烃和环烃)}"
[危化品],"{""汽油危化品指导手册"":汽油危化品指导手册,""name"":汽油}",前苏联MAC_mg_m3_,[前苏联MAC_mg_m3_],"{""name"":300,""msds库"":msds库}"
[事故类型],"{""汽油危化品指导手册"":汽油危化品指导手册,""name"":着火事故}",事故措施,[措施名称],"{""汽油危化品指导手册"":汽油危化品指导手册,""name"":火场警戒的实施}"
[措施名称],"{""汽油危化品指导手册"":汽油危化品指导手册,""name"":应急处置}",着火事故细则,[措施细则],"{""汽油危化品指导手册"":汽油危化品指导手册,""name"":b.消灭外围火焰。人员救出后，第一出动力量应根据地面流淌火火势大小，用足够的枪炮控制外围火焰，待增援力量到场后，要从外围向火场中心推进，消灭汽油罐体周围的所有火焰，若第一到场队伍冷却力量不足，要积极支援第一出动，加强冷却。}"
[措施名称],"{""汽油危化品指导手册"":汽油危化品指导手册,""name"":现场询情，制定处置方案}",爆炸事故细则,[措施细则],"{""汽油危化品指导手册"":汽油危化品指导手册,""name"":b.根据掌握的现场情况，应立即成立技术组，研究行动处置方案。技术组应由发生事故单位的技术人员，专家及公安部门和应急救援机构人员组成。}"
[措施名称],"{""汽油危化品指导手册"":汽油危化品指导手册,""name"":实施现场警戒与撤离}",爆炸事故细则,[措施细则],"{""汽油危化品指导手册"":汽油危化品指导手册,""name"":c.警戒范围内只允许极少数懂排爆技术的处置人员进入，无关人员不得滞留。}"
[措施名称],"{""汽油危化品指导手册"":汽油危化品指导手册,""name"":转移}",爆炸事故细则,[措施细则],"{""汽油危化品指导手册"":汽油危化品指导手册,""name"":b.转移前要充分了解有关物品的位置、外包装、能否转移和触动、周围环境和可能影响范围等情况，在时间允许的条件下，应制定转移方案，明确相关人员分工、器材准备、转移程序方法等。}"
[事故状态类型],"{""汽油危化品指导手册"":汽油危化品指导手册,""name"":储存事故}",储存事故类型,[事故类型],"{""汽油危化品指导手册"":汽油危化品指导手册,""name"":泄漏事故}"
[措施名称],"{""汽油危化品指导手册"":汽油危化品指导手册,""name"":侦察检测}",泄漏事故细则,[措施细则],"{""汽油危化品指导手册"":汽油危化品指导手册,""name"":a.通过询问、侦检等方法，测定风力和风向，掌握泄漏区域油气浓度及扩散方向。}"
[措施名称],"{""汽油危化品指导手册"":汽油危化品指导手册,""name"":侦察检测}",泄漏事故细则,[措施细则],"{""汽油危化品指导手册"":汽油危化品指导手册,""name"":e.了解事故单位已采取的处置措施、内部消防设施配备及运行、先期疏散抢救人员等情况。}"
[措施名称],"{""汽油危化品指导手册"":汽油危化品指导手册,""name"":疏散警戒}",泄漏事故细则,[措施细则],"{""汽油危化品指导手册"":汽油危化品指导手册,""name"":a.根据侦察检测情况，划分警戒区，设立警戒标志。}"
[措施名称],"{""汽油危化品指导手册"":汽油危化品指导手册,""name"":禁绝火源}",泄漏事故细则,[措施细则],"{""汽油危化品指导手册"":汽油危化品指导手册,""name"":联系相关部门切断事故区域内的强弱电源，熄灭火源，消除警戒区内一切能引起爆炸燃烧的火源条件。}"
[危化品],"{""汽油危化品指导手册"":汽油危化品指导手册,""name"":汽油}",皮肤接触,[皮肤接触],"{""name"":脱去污染的衣着，用大量流动清水彻底冲洗。,""msds库"":msds库}"
[危化品],"{""汽油危化品指导手册"":汽油危化品指导手册,""name"":汽油}",吸入,[吸入],"{""name"":迅速脱离现场至空气新鲜处。保持呼吸道通畅。呼吸困难时给输氧。呼吸停止时，立即进行人工呼吸。就医。,""msds库"":msds库}"
[危化品],"{""汽油危化品指导手册"":汽油危化品指导手册,""name"":汽油}",TLVIN_ppm_mg_m3_,[TLVIN_ppm_mg_m3_],"{""msds库"":msds库,""name"":ACGIH 300ppm,890mg/m3}"
[危化品],"{""汽油危化品指导手册"":汽油危化品指导手册,""name"":汽油}",危险特性,[危险特性],"{""name"":其蒸气与空气可形成爆炸性混合物，遇明火、高热极易燃烧爆炸。与氧化剂能发生强烈反应。其蒸气比空气重，能在较低处扩散到相当远的地方，遇火源会着火回燃。,""msds库"":msds库}"
[危化品],"{""汽油危化品指导手册"":汽油危化品指导手册,""name"":汽油}",相对密度_水_1_,[相对密度_水_1_],"{""name"":0.75,""msds库"":msds库}"
[危化品],"{""汽油危化品指导手册"":汽油危化品指导手册,""name"":汽油}",饱和蒸汽压_KPa_,[饱和蒸汽压_KPa_],"{""name"":65.85,""msds库"":msds库}"
[危化品],"{""汽油危化品指导手册"":汽油危化品指导手册,""name"":汽油}",性状,[性状],"{""name"":无色或淡黄色易挥发液体, 具有特殊臭味。,""msds库"":msds库}"
[危化品],"{""汽油危化品指导手册"":汽油危化品指导手册,""name"":汽油}",应急处理,[应急处理],"{""name"":迅速撤离泄漏污染区人员至安全区，并进行隔离，严格限制出入。切断火源。建议应急处理人员戴自给正压式呼吸器，穿防静电工作服。尽可能切断泄漏源。防止流入下水道、排洪沟等限制性空间。小量泄漏：用砂土、蛭石或其它惰性材料吸收。或在保证安全情况下，就地焚烧。大量泄漏：构筑围堤或挖坑收容。用泡沫覆盖，降低蒸气灾害。用防爆泵转移至槽车或专用收集器内，回收或运至废物处理场所处置。,""msds库"":msds库}"
[危化品],"{""汽油危化品指导手册"":汽油危化品指导手册,""name"":汽油}",废弃处理方法,[废弃处理方法],"{""msds库"":msds库,""name"":用焚烧法处置。}"
[危化品],"{""汽油危化品指导手册"":汽油危化品指导手册,""name"":汽油}",生态毒理毒性,[生态毒理毒性],"{""name"":LC50：11~16mg/L（96h）（虹鳟鱼，静态）；
EC50：7.6~12mg/L（48h）（水蚤）,""msds库"":msds库}"
[危化品],"{""汽油危化品指导手册"":汽油危化品指导手册,""name"":汽油}",分解产物,[分解产物],"{""name"":一氧化碳、二氧化碳。,""msds库"":msds库}"
[危化品],"{""汽油危化品指导手册"":汽油危化品指导手册,""name"":汽油}",主要成分,[主要成分],"{""name"":C4～C12脂肪烃和环烷烃。,""msds库"":msds库}"
[危化品],"{""汽油危化品指导手册"":汽油危化品指导手册,""name"":汽油}",用途,[用途],"{""name"":主要用作汽油机的燃料, 用于橡胶、制鞋、印刷、制革、颜料等行业, 也可用作机械零件的去污剂。,""msds库"":msds库}"
[危化品],"{""汽油危化品指导手册"":汽油危化品指导手册,""name"":汽油}",溶解性,[溶解性],"{""name"":不溶于水，易溶于苯、二硫化碳、醇、脂肪。,""msds库"":msds库}"
[危化品],"{""汽油危化品指导手册"":汽油危化品指导手册,""name"":汽油}",其他防护措施,[其他防护措施],"{""name"":工作现场严禁吸烟。避免长期反复接触。?,""msds库"":msds库}"
[措施名称],"{""汽油危化品指导手册"":汽油危化品指导手册,""name"":应急处置}",着火事故细则,[措施细则],"{""汽油危化品指导手册"":汽油危化品指导手册,""name"":d.工艺处置。根据现场情况，及时掩护工艺人员进行关阀断料、输转倒罐等工艺处置，同时为防止火灾扑救中汽油外流，应用沙土或其他材料筑堤拦截流淌的液体，或挖沟导流，将物料导向安全地点，防止火焰蔓延。}"
[事故类型],"{""汽油危化品指导手册"":汽油危化品指导手册,""name"":爆炸事故}",事故措施,[措施名称],"{""汽油危化品指导手册"":汽油危化品指导手册,""name"":现场询情，制定处置方案}"
[措施名称],"{""汽油危化品指导手册"":汽油危化品指导手册,""name"":实施现场警戒与撤离}",爆炸事故细则,[措施细则],"{""汽油危化品指导手册"":汽油危化品指导手册,""name"":a.事故发生后，首先应维护现场秩序，划定警戒保护范围，安排专人做好警戒，防止无关人员进入危险区，以免引起不必要的伤亡。}"
[事故类型],"{""汽油危化品指导手册"":汽油危化品指导手册,""name"":爆炸事故}",事故措施,[措施名称],"{""汽油危化品指导手册"":汽油危化品指导手册,""name"":转移}"
[危化品],"{""汽油危化品指导手册"":汽油危化品指导手册,""name"":汽油}",状态类型,[事故状态类型],"{""汽油危化品指导手册"":汽油危化品指导手册,""name"":运输事故处置程序}"
[小组职责],"{""name"":根据实际情况实行交通管制和疏导工作。,""危化品应急预案"":危化品应急预案}",小组细则名称,[措施名称],"{""硝化棉危化品指导手册"":硝化棉危化品指导手册,""name"":现场警戒的实施}"
[危化品],"{""汽油危化品指导手册"":汽油危化品指导手册,""name"":汽油}",比热容_KJ_kg_K_定压_,[比热容_KJ_kg_K_定压_],"{""name"":2.28,""msds库"":msds库}"
[危化品],"{""汽油危化品指导手册"":汽油危化品指导手册,""name"":汽油}",亚急性和慢性毒性,[亚急性和慢性毒性],"{""name"":大鼠吸入3g/m3，每天12~24h，78d（120号溶剂汽油），未见中毒症状。大鼠吸入2500mg/m3,130号催化裂解汽油，每天4h，每周6d，8周，体力活动能力降低，神经系统发生机能性改变。,""msds库"":msds库}"
[危化品],"{""汽油危化品指导手册"":汽油危化品指导手册,""name"":汽油}",辛醇_水分配系数,[辛醇_水分配系数],"{""name"":4.5,""msds库"":msds库}"
[危化品],"{""汽油危化品指导手册"":汽油危化品指导手册,""name"":汽油}",危险货物编号,[危险货物编号],"{""name"":31001,""msds库"":msds库}"
[危化品],"{""汽油危化品指导手册"":汽油危化品指导手册,""name"":汽油}",CAS号,[CAS号],"{""name"":8006-61-9,""msds库"":msds库}"
[危化品],"{""汽油危化品指导手册"":汽油危化品指导手册,""name"":汽油}",爆炸下限_v___,[爆炸下限_v___],"{""name"":1.3,""msds库"":msds库}"
[危化品],"{""汽油危化品指导手册"":汽油危化品指导手册,""name"":汽油}",UN编号,[UN编号],"{""name"":1203,""msds库"":msds库}"
[危化品],"{""汽油危化品指导手册"":汽油危化品指导手册,""name"":汽油}",禁配物,[禁配物],"{""msds库"":msds库,""name"":强氧化剂。}"
[危化品],"{""汽油危化品指导手册"":汽油危化品指导手册,""name"":汽油}",手部防护措施,[手部防护措施],"{""msds库"":msds库,""name"":戴橡胶耐油手套。}"
[危化品],"{""汽油危化品指导手册"":汽油危化品指导手册,""name"":汽油}",食入,[食入],"{""name"":给牛奶、蛋清、植物油等口服，洗胃。就医。,""msds库"":msds库}"
[危化品],"{""汽油危化品指导手册"":汽油危化品指导手册,""name"":汽油}",熔点___,[熔点___],"{""name"":-92.95,""msds库"":msds库}"
[危化品],"{""汽油危化品指导手册"":汽油危化品指导手册,""name"":汽油}",中国MAC_mg_m3_,[中国MAC_mg_m3_],"{""name"":300,""msds库"":msds库}"
[危化品],"{""汽油危化品指导手册"":汽油危化品指导手册,""name"":汽油}",有害分解产物,[有害分解产物],"{""msds库"":msds库,""name"":出现分解}"
[危化品],"{""汽油危化品指导手册"":汽油危化品指导手册,""name"":汽油}",操作注意事项,[操作注意事项],"{""name"":密闭操作，全面通风。操作人员必须经过专门培训，严格遵守操作规程。建议操作人员穿防静电工作服，戴橡胶耐油手套。远离火种、热源，工作场所严禁吸烟。使用防爆型的通风系统和设备。防止蒸气泄漏到工作场所空气中。避免与氧化剂接触。灌装时应控制流速，且有接地装置，防止静电积聚。搬运时要轻装轻卸，防止包装及容器损坏。配备相应品种和数量的消防器材及泄漏应急处理设备。倒空的容器可能残留有害物。,""msds库"":msds库}"
[措施名称],"{""汽油危化品指导手册"":汽油危化品指导手册,""name"":洗消处理}",运输事故细则,[措施细则],"{""汽油危化品指导手册"":汽油危化品指导手册,""name"":在作战条件允许或战斗任务完成后，对遇险人员进行全面的洗消，开设洗消帐篷。同时对受染道路、地域及重要目标的洗消，对大面积的受染地面和不急需的装备、物资，采取风吹、日晒等自然方法洗消。}"
[措施名称],"{""汽油危化品指导手册"":汽油危化品指导手册,""name"":清理移交}",运输事故细则,[措施细则],"{""汽油危化品指导手册"":汽油危化品指导手册,""name"":用喷雾水、蒸汽、惰性气体清扫现场内事故罐、管道、低洼、沟渠等处、确保不留残气(液)。清点人员、车辆及器材；撤除警戒、做好移交，安全归建。}"
[小组职责],"{""name"":负责事故和救援信息的发布，组织起草新闻发布稿和事故情况通稿，制定新闻发布方案，组织接待记者，适时组织新闻发布会。,""危化品应急预案"":危化品应急预案}",小组细则名称,[措施名称],"{""硝化棉危化品指导手册"":硝化棉危化品指导手册,""name"":第一时间了解火场信息}"
[事故类型],"{""硝化棉危化品指导手册"":硝化棉危化品指导手册,""name"":着火事故}",事故措施,[措施名称],"{""硝化棉危化品指导手册"":硝化棉危化品指导手册,""name"":第一时间了解火场信息}"
[措施名称],"{""硝化棉危化品指导手册"":硝化棉危化品指导手册,""name"":第一时间了解火场信息}",泄漏事故细则,[措施细则],"{""硝化棉危化品指导手册"":硝化棉危化品指导手册,""name"":a.第一出动的火场指挥员，应在行车途中与指挥中心保持联系，不断了解火场情况，并及时听取上级指示，做好到场前的战斗准备。}"
[措施名称],"{""硝化棉危化品指导手册"":硝化棉危化品指导手册,""name"":第一时间了解火场信息}",泄漏事故细则,[措施细则],"{""硝化棉危化品指导手册"":硝化棉危化品指导手册,""name"":b.上级指挥员在向火场行驶的途中，应通过指挥中心及时与已经到达火场的辖区火场指挥员取得联系，或通过无线系统、图像数据传输系统、专家辅助决策系统了解火场信息。}"
[措施名称],"{""硝化棉危化品指导手册"":硝化棉危化品指导手册,""name"":第一时间了解火场信息}",泄漏事故细则,[措施细则],"{""硝化棉危化品指导手册"":硝化棉危化品指导手册,""name"":c.重点了解火场发展趋势，同时要了解指挥中心调动力量情况，掌握已经到场的力量以及赶赴现场的力量，综合分析各种渠道获得的火场信息，预测火灾发展趋势和着火建(构)筑物情况，及时确定扑救措施。}"
[事故类型],"{""硝化棉危化品指导手册"":硝化棉危化品指导手册,""name"":着火事故}",事故措施,[措施名称],"{""硝化棉危化品指导手册"":硝化棉危化品指导手册,""name"":安全防护}"
[措施名称],"{""硝化棉危化品指导手册"":硝化棉危化品指导手册,""name"":安全防护}",泄漏事故细则,[措施细则],"{""硝化棉危化品指导手册"":硝化棉危化品指导手册,""name"":人员进入现场或警戒区，必须佩戴呼吸器及各种防护器具。进入重危区的救援人员必须实施二级以上防护，并采取雾状水掩护。}"
[事故类型],"{""硝化棉危化品指导手册"":硝化棉危化品指导手册,""name"":着火事故}",事故措施,[措施名称],"{""硝化棉危化品指导手册"":硝化棉危化品指导手册,""name"":现场侦检}"
[措施名称],"{""硝化棉危化品指导手册"":硝化棉危化品指导手册,""name"":现场侦检}",泄漏事故细则,[措施细则],"{""硝化棉危化品指导手册"":硝化棉危化品指导手册,""name"":a.环境信息：风力、风向、周边环境、道路情况、电源、火源、现场及周边的消防水源位置、储量及给水方式。}"
[措施名称],"{""硝化棉危化品指导手册"":硝化棉危化品指导手册,""name"":现场侦检}",泄漏事故细则,[措施细则],"{""硝化棉危化品指导手册"":硝化棉危化品指导手册,""name"":b.事故基础信息：事故地点、危害气体浓度、火灾严重程度、邻近建(构)筑物受火势威胁、故单位已买取的处罚排施、内部消防设施配备及运行。}"
[措施名称],"{""硝化棉危化品指导手册"":硝化棉危化品指导手册,""name"":现场侦检}",泄漏事故细则,[措施细则],"{""硝化棉危化品指导手册"":硝化棉危化品指导手册,""name"":c.人员伤亡信息：事故区域遇险人数、位置、先期疏散抢救人员等情况。}"
[措施名称],"{""硝化棉危化品指导手册"":硝化棉危化品指导手册,""name"":现场侦检}",泄漏事故细则,[措施细则],"{""硝化棉危化品指导手册"":硝化棉危化品指导手册,""name"":d.其他有关信息。}"
[事故类型],"{""硝化棉危化品指导手册"":硝化棉危化品指导手册,""name"":着火事故}",事故措施,[措施名称],"{""硝化棉危化品指导手册"":硝化棉危化品指导手册,""name"":火场警戒的实施}"
[措施名称],"{""硝化棉危化品指导手册"":硝化棉危化品指导手册,""name"":火场警戒的实施}",泄漏事故细则,[措施细则],"{""硝化棉危化品指导手册"":硝化棉危化品指导手册,""name"":a.设置警戒工作区域。应急救援队伍到场后，由火场指挥员确定是否需要实施火场警戒。通常在事故现场的上风方向停放警戒车，警戒人员做好个体防护后，按确定好的整戒范围实施警戒，在警戒区上风方向的适当位置建立各相关工作区域，主要有着装区、器材放算区、洗消区、警戒区出入口等。}"
[小组职责],"{""name"":负责火灾、爆炸、有毒物质泄漏事故现场应急处置，并组织对遇险、受伤人员进行营救和失踪人员的搜救。,""危化品应急预案"":危化品应急预案}",小组细则名称,[措施名称],"{""硝化棉危化品指导手册"":硝化棉危化品指导手册,""name"":应急处置}"
[小组职责],"{""name"":协调组织事故现场救援工作；负责向各专业小组传达指挥部指令；负责联系和督促各组工作；派出专家组，共同参与事故的处置工作；调运应急物资。,""危化品应急预案"":危化品应急预案}",小组细则名称,[措施名称],"{""硝化棉危化品指导手册"":硝化棉危化品指导手册,""name"":应急处置}"
[小组职责],"{""name"":组织事故调查，开展应急处置评估，形成事故调查报告，提出事故处理及防范措施意见。,""危化品应急预案"":危化品应急预案}",小组细则名称,[措施名称],"{""硝化棉危化品指导手册"":硝化棉危化品指导手册,""name"":应急处置}"
[小组职责],"{""name"":保障事故救援现场通信畅通。,""危化品应急预案"":危化品应急预案}",小组细则名称,[措施名称],"{""硝化棉危化品指导手册"":硝化棉危化品指导手册,""name"":应急处置}"
[小组职责],"{""name"":协调组织设立现场指挥部办公场所，为现场抢险救援工作人员提供生活后勤保障，安置事故伤亡人员家属；调配车辆运输应急物资到现场。,""危化品应急预案"":危化品应急预案}",小组细则名称,[措施名称],"{""硝化棉危化品指导手册"":硝化棉危化品指导手册,""name"":应急处置}"
[事故状态类型],"{""硝化棉危化品指导手册"":硝化棉危化品指导手册,""name"":运输事故处置程序}",运输事故措施,[措施名称],"{""硝化棉危化品指导手册"":硝化棉危化品指导手册,""name"":应急处置}"
[事故类型],"{""硝化棉危化品指导手册"":硝化棉危化品指导手册,""name"":着火事故}",事故措施,[措施名称],"{""硝化棉危化品指导手册"":硝化棉危化品指导手册,""name"":应急处置}"
[措施名称],"{""硝化棉危化品指导手册"":硝化棉危化品指导手册,""name"":应急处置}",泄漏事故细则,[措施细则],"{""硝化棉危化品指导手册"":硝化棉危化品指导手册,""name"":a.外围预先部署。到达硝化棉火灾现场，指挥员在采取措施、组织力量控制火灾蔓延、防止爆炸的同时，必须组织到场力量在外围作强攻近战的部署，包括消防车占领水源铺设水带线路、确定进攻路线、调集增援力量等。}"
[措施名称],"{""硝化棉危化品指导手册"":硝化棉危化品指导手册,""name"":应急处置}",泄漏事故细则,[措施细则],"{""硝化棉危化品指导手册"":硝化棉危化品指导手册,""name"":b.火灾扑救。按照‘先控制、后消灭’的原则采取安全转运、隔离、抑爆、冷却保护等战术战法；建立隔离带，分割火灾区域和相邻区域；使用开花、直流射水冷却和泡沫覆盖，对硝化棉进行润湿保护，降低其活性，达到灭火条件，防止爆炸；用水、干粉、泡沫、二氧化碳等灭火药剂进行灭火处置，严禁用干沙覆盖。}"
[事故状态类型],"{""硝化棉危化品指导手册"":硝化棉危化品指导手册,""name"":运输事故处置程序}",运输事故措施,[措施名称],"{""硝化棉危化品指导手册"":硝化棉危化品指导手册,""name"":洗消处理}"
[事故类型],"{""硝化棉危化品指导手册"":硝化棉危化品指导手册,""name"":着火事故}",事故措施,[措施名称],"{""硝化棉危化品指导手册"":硝化棉危化品指导手册,""name"":洗消处理}"
[措施名称],"{""硝化棉危化品指导手册"":硝化棉危化品指导手册,""name"":洗消处理}",泄漏事故细则,[措施细则],"{""硝化棉危化品指导手册"":硝化棉危化品指导手册,""name"":a.在危险区出口处设置洗消站，用大量清水对从危险区出来的人员进行冲洗。}"
[措施名称],"{""硝化棉危化品指导手册"":硝化棉危化品指导手册,""name"":洗消处理}",泄漏事故细则,[措施细则],"{""硝化棉危化品指导手册"":硝化棉危化品指导手册,""name"":b.用水冲洗救援中使用的装备及被污染的衣物，消除其 危害。}"
[小组职责],"{""name"":负责事故伤亡人员的善后处理；事故影响范围内人员生活安置。,""危化品应急预案"":危化品应急预案}",小组细则名称,[措施名称],"{""硝化棉危化品指导手册"":硝化棉危化品指导手册,""name"":清理移交}"
[事故状态类型],"{""硝化棉危化品指导手册"":硝化棉危化品指导手册,""name"":运输事故处置程序}",运输事故措施,[措施名称],"{""硝化棉危化品指导手册"":硝化棉危化品指导手册,""name"":清理移交}"
[事故类型],"{""硝化棉危化品指导手册"":硝化棉危化品指导手册,""name"":着火事故}",事故措施,[措施名称],"{""硝化棉危化品指导手册"":硝化棉危化品指导手册,""name"":清理移交}"
[措施名称],"{""硝化棉危化品指导手册"":硝化棉危化品指导手册,""name"":清理移交}",泄漏事故细则,[措施细则],"{""硝化棉危化品指导手册"":硝化棉危化品指导手册,""name"":a.用雾状水或惰性气体清扫现场。}"
[措施名称],"{""硝化棉危化品指导手册"":硝化棉危化品指导手册,""name"":清理移交}",泄漏事故细则,[措施细则],"{""硝化棉危化品指导手册"":硝化棉危化品指导手册,""name"":b.清点人员，收集、整理器材装备。}"
[措施名称],"{""硝化棉危化品指导手册"":硝化棉危化品指导手册,""name"":清理移交}",泄漏事故细则,[措施细则],"{""硝化棉危化品指导手册"":硝化棉危化品指导手册,""name"":c.做好移交，安全归建。}"
[小组职责],"{""name"":根据事故现场情况，对事故进行分析判断和事态评估，参与制定应急抢险方案，提供技术支持和决策咨询。,""危化品应急预案"":危化品应急预案}",小组细则名称,[措施名称],"{""硝化棉危化品指导手册"":硝化棉危化品指导手册,""name"":现场询情，制定处置方案}"
[事故类型],"{""硝化棉危化品指导手册"":硝化棉危化品指导手册,""name"":爆炸事故}",事故措施,[措施名称],"{""硝化棉危化品指导手册"":硝化棉危化品指导手册,""name"":现场询情，制定处置方案}"
[措施名称],"{""硝化棉危化品指导手册"":硝化棉危化品指导手册,""name"":现场询情，制定处置方案}",爆炸事故细则,[措施细则],"{""硝化棉危化品指导手册"":硝化棉危化品指导手册,""name"":a.应急救援人员到现场后，要问清事故单位的有关工程技术人员和当事人，全面了解事故区域还存在哪些爆炸物品及其数量。事故点存放的是单一品种，还是多种爆炸物品。}"
[措施名称],"{""硝化棉危化品指导手册"":硝化棉危化品指导手册,""name"":现场询情，制定处置方案}",爆炸事故细则,[措施细则],"{""硝化棉危化品指导手册"":硝化棉危化品指导手册,""name"":b.根据掌握的现场情况，应立即成立技术组，研究行动处置方案。技术组应由发生事故单位的技术人员、专家及公安部门和应急救援机构人员组成。}"
[事故类型],"{""硝化棉危化品指导手册"":硝化棉危化品指导手册,""name"":爆炸事故}",事故措施,[措施名称],"{""硝化棉危化品指导手册"":硝化棉危化品指导手册,""name"":实施现场警戒与疏散}"
[措施名称],"{""硝化棉危化品指导手册"":硝化棉危化品指导手册,""name"":实施现场警戒与疏散}",爆炸事故细则,[措施细则],"{""硝化棉危化品指导手册"":硝化棉危化品指导手册,""name"":a.事故发生后，首先应维护现场秩序，划定警戒保护范围，安排专人做好警戒，防止无关人员进入危险区，以免引起不必要的伤亡。}"
[措施名称],"{""硝化棉危化品指导手册"":硝化棉危化品指导手册,""name"":实施现场警戒与疏散}",爆炸事故细则,[措施细则],"{""硝化棉危化品指导手册"":硝化棉危化品指导手册,""name"":b.清除着火源，关闭非防爆通信工具。}"
[措施名称],"{""硝化棉危化品指导手册"":硝化棉危化品指导手册,""name"":实施现场警戒与疏散}",爆炸事故细则,[措施细则],"{""硝化棉危化品指导手册"":硝化棉危化品指导手册,""name"":c.警戒范围内只允许极少数懂排爆技术的处置人员进入，无关人员不得滞留。}"
[措施名称],"{""硝化棉危化品指导手册"":硝化棉危化品指导手册,""name"":实施现场警戒与疏散}",爆炸事故细则,[措施细则],"{""硝化棉危化品指导手册"":硝化棉危化品指导手册,""name"":d.为减少爆炸事故危害，应适度调整警戒范围、疏散相关职工群众、但范围不宜过大，应科学判断，否则会引起群众不满、甚至导致社会恐慌。}"
[事故类型],"{""硝化棉危化品指导手册"":硝化棉危化品指导手册,""name"":爆炸事故}",事故措施,[措施名称],"{""硝化棉危化品指导手册"":硝化棉危化品指导手册,""name"":转移}"
[措施名称],"{""硝化棉危化品指导手册"":硝化棉危化品指导手册,""name"":转移}",爆炸事故细则,[措施细则],"{""硝化棉危化品指导手册"":硝化棉危化品指导手册,""name"":a.对发生事故现场及附近未着火爆炸的物品在安全条件下应及时转移，防止火灾蔓延或爆炸物品的二次爆炸。}"
[措施名称],"{""硝化棉危化品指导手册"":硝化棉危化品指导手册,""name"":转移}",爆炸事故细则,[措施细则],"{""硝化棉危化品指导手册"":硝化棉危化品指导手册,""name"":b.转移前要充分了解有关物品的位置、外包装、能否转移和触动、周围环境和可能影响范围等情况，在现场安全等条件允许下、制定转移方案，明确相关人员分工、器材准备、转移程序方法等。}"
[小组职责],"{""name"":组织医疗救护队伍进入事故现场，开展医疗救治工作。,""危化品应急预案"":危化品应急预案}",小组细则名称,[措施名称],"{""硝化棉危化品指导手册"":硝化棉危化品指导手册,""name"":现场询情}"
[事故状态类型],"{""硝化棉危化品指导手册"":硝化棉危化品指导手册,""name"":运输事故处置程序}",运输事故措施,[措施名称],"{""硝化棉危化品指导手册"":硝化棉危化品指导手册,""name"":现场询情}"
[措施名称],"{""硝化棉危化品指导手册"":硝化棉危化品指导手册,""name"":现场询情}",运输事故细则,[措施细则],"{""硝化棉危化品指导手册"":硝化棉危化品指导手册,""name"":救援人员到达现场后，要询问知情人介质总量、着火时间、部位、形式等；事故周边居民、地形、电源、火源等；应急措施、工艺措施、现场人员处理意见等。}"
[事故状态类型],"{""硝化棉危化品指导手册"":硝化棉危化品指导手册,""name"":运输事故处置程序}",运输事故措施,[措施名称],"{""硝化棉危化品指导手册"":硝化棉危化品指导手册,""name"":个体防护}"
[措施名称],"{""硝化棉危化品指导手册"":硝化棉危化品指导手册,""name"":个体防护}",运输事故细则,[措施细则],"{""硝化棉危化品指导手册"":硝化棉危化品指导手册,""name"":参加处置人员应充分了解硝化棉的理化性质，要于高处和上风处进行处理，严禁单独行动、要有监护人。必要时要用雾状水掩护。要根据硝化棉的性质和毒物接触形式，选择适当的防护用品、防止处置过程中发生伤亡、中毒事故。}"
[小组职责],"{""name"":负责对事故现场周边环境的实时监测，分析并提供监测数据；对由危险化学品造成的突发环境事件及其处理过程中产生的污染物，指导协助有关部门做好处理处置工作。,""危化品应急预案"":危化品应急预案}",小组细则名称,[措施名称],"{""硝化棉危化品指导手册"":硝化棉危化品指导手册,""name"":侦察检测}"
[事故状态类型],"{""硝化棉危化品指导手册"":硝化棉危化品指导手册,""name"":运输事故处置程序}",运输事故措施,[措施名称],"{""硝化棉危化品指导手册"":硝化棉危化品指导手册,""name"":侦察检测}"
[措施名称],"{""硝化棉危化品指导手册"":硝化棉危化品指导手册,""name"":侦察检测}",运输事故细则,[措施细则],"{""硝化棉危化品指导手册"":硝化棉危化品指导手册,""name"":确定被困、受伤人员情况；硝化棉数量、位置、方式、燃烧情况、周边危化品储存情况；周边单位、居民、地形、水源等情况；先期已采取的救援措施，处置效果等情况。}"
[小组职责],"{""name"":负责组织事故可能危及区域有关人员的紧急疏散、撤离工作；对事故现场进行保护、警戒，维持现场抢险救灾秩序，维护社会治安。,""危化品应急预案"":危化品应急预案}",小组细则名称,[措施名称],"{""硝化棉危化品指导手册"":硝化棉危化品指导手册,""name"":疏散警戒}"
[事故状态类型],"{""硝化棉危化品指导手册"":硝化棉危化品指导手册,""name"":运输事故处置程序}",运输事故措施,[措施名称],"{""硝化棉危化品指导手册"":硝化棉危化品指导手册,""name"":疏散警戒}"
[措施名称],"{""硝化棉危化品指导手册"":硝化棉危化品指导手册,""name"":疏散警戒}",运输事故细则,[措施细则],"{""硝化棉危化品指导手册"":硝化棉危化品指导手册,""name"":事故发生后，应根据火灾现场所涉及的范围建立警戒区，并在通往事故现场的主要干道上实行交通管制。建立警戒区域设置警示标志，并有专人警戒。}"
[事故状态类型],"{""硝化棉危化品指导手册"":硝化棉危化品指导手册,""name"":运输事故处置程序}",运输事故措施,[措施名称],"{""硝化棉危化品指导手册"":硝化棉危化品指导手册,""name"":禁绝火源和热源}"
[措施名称],"{""硝化棉危化品指导手册"":硝化棉危化品指导手册,""name"":禁绝火源和热源}",运输事故细则,[措施细则],"{""硝化棉危化品指导手册"":硝化棉危化品指导手册,""name"":为避免泄漏区发生爆炸等次生危害，应切断火源，停止一切非防爆的电气作业，包括手机、车辆和铁质金属器具。}"
[措施名称],"{""硝化棉危化品指导手册"":硝化棉危化品指导手册,""name"":应急处置}",运输事故细则,[措施细则],"{""硝化棉危化品指导手册"":硝化棉危化品指导手册,""name"":消防车供水或选定水源、铺设水带、设置阵地、有序展开；利用雾状水润湿硝化棉，降低其活性防止燃烧爆炸。尽量采用智能化救援设备进行冷却保护，防止爆炸；利用通风设备对事故车辆进行吹扫，防止亚硝气体聚集；持续侦测气体扩散蔓延方向，确保人员安全；达到灭火条件时，可使用抗溶性泡沫覆盖等方式灭火，灭火后防止复燃。}"
[措施名称],"{""硝化棉危化品指导手册"":硝化棉危化品指导手册,""name"":洗消处理}",运输事故细则,[措施细则],"{""硝化棉危化品指导手册"":硝化棉危化品指导手册,""name"":①在危险区出口处设置洗消站，用大量清水对从危险区出来的人员进行冲洗。}"
[措施名称],"{""硝化棉危化品指导手册"":硝化棉危化品指导手册,""name"":洗消处理}",运输事故细则,[措施细则],"{""硝化棉危化品指导手册"":硝化棉危化品指导手册,""name"":②用水冲洗救援中使用的装备及被污染的衣物，消除其危害。}"
[措施名称],"{""硝化棉危化品指导手册"":硝化棉危化品指导手册,""name"":清理移交}",运输事故细则,[措施细则],"{""硝化棉危化品指导手册"":硝化棉危化品指导手册,""name"":用雾状水清扫现场内低洼、沟渠等处；清点人员、车辆及器材；撤除警戒，做好移交，安全归建。}"
[危化品事故],"{""汽油危化品指导手册"":汽油危化品指导手册,""name"":汽油危化品事故}",危险源,[危化品],"{""汽油危化品指导手册"":汽油危化品指导手册,""name"":汽油}"
[危化品],"{""汽油危化品指导手册"":汽油危化品指导手册,""name"":汽油}",状态类型,[事故状态类型],"{""汽油危化品指导手册"":汽油危化品指导手册,""name"":储存事故}"
[危化品事故],"{""硝化棉危化品指导手册"":硝化棉危化品指导手册,""name"":硝化棉危化品事故}",危险源,[危化品],"{""硝化棉危化品指导手册"":硝化棉危化品指导手册,""name"":硝化棉}"
[危化品],"{""硝化棉危化品指导手册"":硝化棉危化品指导手册,""name"":硝化棉}",状态类型,[事故状态类型],"{""硝化棉危化品指导手册"":硝化棉危化品指导手册,""name"":储存事故}"
[事故状态类型],"{""硝化棉危化品指导手册"":硝化棉危化品指导手册,""name"":储存事故}",储存事故类型,[事故类型],"{""硝化棉危化品指导手册"":硝化棉危化品指导手册,""name"":泄漏事故}"
[措施名称],"{""汽油危化品指导手册"":汽油危化品指导手册,""name"":侦察检测}",泄漏事故细则,[措施细则],"{""汽油危化品指导手册"":汽油危化品指导手册,""name"":c.查明泄漏部位、泄漏速度，以及安全阀、紧急切断阀、周边危险源等情况。}"
[措施名称],"{""汽油危化品指导手册"":汽油危化品指导手册,""name"":侦察检测}",泄漏事故细则,[措施细则],"{""汽油危化品指导手册"":汽油危化品指导手册,""name"":g.分析评估泄漏扩散范围和可能引发着火爆炸的危险因素及后果。}"
[措施名称],"{""汽油危化品指导手册"":汽油危化品指导手册,""name"":疏散警戒}",泄漏事故细则,[措施细则],"{""汽油危化品指导手册"":汽油危化品指导手册,""name"":c.在整个处置过程中，要不间断地进行动态检测，适时调整警戒范围。}"
[措施名称],"{""汽油危化品指导手册"":汽油危化品指导手册,""name"":安全防护}",泄漏事故细则,[措施细则],"{""汽油危化品指导手册"":汽油危化品指导手册,""name"":人员进入现场或警戒区，必须佩戴呼吸器及各种防护器具。}"
[小组职责],"{""name"":负责火灾、爆炸、有毒物质泄漏事故现场应急处置，并组织对遇险、受伤人员进行营救和失踪人员的搜救。,""危化品应急预案"":危化品应急预案}",小组细则名称,[措施名称],"{""汽油危化品指导手册"":汽油危化品指导手册,""name"":应急处置}"
[小组职责],"{""name"":协调组织事故现场救援工作；负责向各专业小组传达指挥部指令；负责联系和督促各组工作；派出专家组，共同参与事故的处置工作；调运应急物资。,""危化品应急预案"":危化品应急预案}",小组细则名称,[措施名称],"{""汽油危化品指导手册"":汽油危化品指导手册,""name"":应急处置}"
[小组职责],"{""name"":负责事故伤亡人员的善后处理；事故影响范围内人员生活安置。,""危化品应急预案"":危化品应急预案}",小组细则名称,[措施名称],"{""汽油危化品指导手册"":汽油危化品指导手册,""name"":应急处置}"
[小组职责],"{""name"":组织事故调查，开展应急处置评估，形成事故调查报告，提出事故处理及防范措施意见。,""危化品应急预案"":危化品应急预案}",小组细则名称,[措施名称],"{""汽油危化品指导手册"":汽油危化品指导手册,""name"":应急处置}"
[小组职责],"{""name"":协调组织设立现场指挥部办公场所，为现场抢险救援工作人员提供生活后勤保障，安置事故伤亡人员家属；调配车辆运输应急物资到现场。,""危化品应急预案"":危化品应急预案}",小组细则名称,[措施名称],"{""汽油危化品指导手册"":汽油危化品指导手册,""name"":应急处置}"
[事故状态类型],"{""汽油危化品指导手册"":汽油危化品指导手册,""name"":运输事故处置程序}",运输事故措施,[措施名称],"{""汽油危化品指导手册"":汽油危化品指导手册,""name"":应急处置}"
[事故类型],"{""汽油危化品指导手册"":汽油危化品指导手册,""name"":着火事故}",事故措施,[措施名称],"{""汽油危化品指导手册"":汽油危化品指导手册,""name"":应急处置}"
[事故类型],"{""汽油危化品指导手册"":汽油危化品指导手册,""name"":泄漏事故}",事故措施,[措施名称],"{""汽油危化品指导手册"":汽油危化品指导手册,""name"":应急处置}"
[措施名称],"{""汽油危化品指导手册"":汽油危化品指导手册,""name"":应急处置}",泄漏事故细则,[措施细则],"{""汽油危化品指导手册"":汽油危化品指导手册,""name"":d.工艺处置。}"
[措施名称],"{""汽油危化品指导手册"":汽油危化品指导手册,""name"":洗消处理}",着火事故细则,[措施细则],"{""汽油危化品指导手册"":汽油危化品指导手册,""name"":a.在危险区出口处设置洗消站，用大量清水对从危险区出来的人员进行冲洗。}"
[措施名称],"{""汽油危化品指导手册"":汽油危化品指导手册,""name"":洗消处理}",泄漏事故细则,[措施细则],"{""汽油危化品指导手册"":汽油危化品指导手册,""name"":a.在危险区出口处设置洗消站，用大量清水对从危险区出来的人员进行冲洗。}"
[措施名称],"{""汽油危化品指导手册"":汽油危化品指导手册,""name"":清理移交}",着火事故细则,[措施细则],"{""汽油危化品指导手册"":汽油危化品指导手册,""name"":b.清点人员，收集、整理器材装备。}"
[措施名称],"{""汽油危化品指导手册"":汽油危化品指导手册,""name"":清理移交}",泄漏事故细则,[措施细则],"{""汽油危化品指导手册"":汽油危化品指导手册,""name"":b.清点人员，收集、整理器材装备。}"
[措施名称],"{""汽油危化品指导手册"":汽油危化品指导手册,""name"":第一时间了解灾情信息}",着火事故细则,[措施细则],"{""汽油危化品指导手册"":汽油危化品指导手册,""name"":b.上级指挥员在向火场的行驶途中，应通过指挥中心及时与已经到达火场的辖区火场指挥员取得联系，或通过无线系统、图像数据传输系统、专家辅助决策系统了解火场信息。}"
[措施名称],"{""汽油危化品指导手册"":汽油危化品指导手册,""name"":现场侦检}",着火事故细则,[措施细则],"{""汽油危化品指导手册"":汽油危化品指导手册,""name"":a.环境信息：风力、风向、周边环境、道路情况、电源、火源、现场及周边的消防水源位置、储量及给水方式。}"
[危化品],"{""硝化棉危化品指导手册"":硝化棉危化品指导手册,""name"":硝化棉}",身体防护措施,[身体防护措施],"{""msds库"":msds库,""name"":穿防静电工作服。}"
[危化品],"{""汽油危化品指导手册"":汽油危化品指导手册,""name"":汽油}",身体防护措施,[身体防护措施],"{""msds库"":msds库,""name"":穿防静电工作服。}"
[危化品],"{""汽油危化品指导手册"":汽油危化品指导手册,""name"":汽油}",有害物成分,[有害物成分],"{""msds库"":msds库,""name"":C4-C12脂肪烃和环烷烃}"
[危化品],"{""汽油危化品指导手册"":汽油危化品指导手册,""name"":汽油}",英文名称2,[英文名称2],"{""name"":Petrol,""msds库"":msds库}"
[危化品],"{""汽油危化品指导手册"":汽油危化品指导手册,""name"":汽油}",致癌性,[致癌性],"{""name"":IARC致癌性评论：G2B，可疑人类致癌物。,""msds库"":msds库}"
[危化品],"{""汽油危化品指导手册"":汽油危化品指导手册,""name"":汽油}",侵入途径,[侵入途径],"{""msds库"":msds库,""name"":吸入食入经皮吸收}"
[危化品],"{""汽油危化品指导手册"":汽油危化品指导手册,""name"":汽油}",气味,[气味],"{""msds库"":msds库,""name"":特殊臭味}"
[危化品],"{""硝化棉危化品指导手册"":硝化棉危化品指导手册,""name"":硝化棉}",眼睛防护措施,[眼睛防护措施],"{""name"":必要时,戴化学安全防护眼镜。,""msds库"":msds库}"
[危化品],"{""硝化棉危化品指导手册"":硝化棉危化品指导手册,""name"":硝化棉}",英文名称,[英文名称],"{""name"":nitrocellulose,""msds库"":msds库}"
[危化品],"{""硝化棉危化品指导手册"":硝化棉危化品指导手册,""name"":硝化棉}",危险特性,[危险特性],"{""name"":暴露在空气中能自燃。本品遇到火星、高温、氧化剂以及大多数有机胺（对苯二甲胺等）会发生燃烧和爆炸。,""msds库"":msds库}"
[危化品],"{""硝化棉危化品指导手册"":硝化棉危化品指导手册,""name"":硝化棉}",相对密度_水_1_,[相对密度_水_1_],"{""name"":1.23,""msds库"":msds库}"
[危化品],"{""硝化棉危化品指导手册"":硝化棉危化品指导手册,""name"":硝化棉}",性状,[性状],"{""name"":白色或微黄色,呈棉絮状或纤维状,无臭无味。,""msds库"":msds库}"
[危化品],"{""硝化棉危化品指导手册"":硝化棉危化品指导手册,""name"":硝化棉}",应急处理,[应急处理],"{""name"":隔离泄漏污染区,限制出入。切断火源。建议应急处理人员戴防尘面具（全面罩）,穿防静电工作服。使用无火花工具收集于干燥、洁净、有盖的容器中,转移至安全场所。也可以在保证安全情况下,就地焚烧。若大量泄漏,收集回收或运至废物处理场所处置。,""msds库"":msds库}"
[危化品],"{""硝化棉危化品指导手册"":硝化棉危化品指导手册,""name"":硝化棉}",废弃处理方法,[废弃处理方法],"{""name"":处置前应参阅国家和地方有关法规。建议用焚烧法处置。焚烧炉排出的氮氧化物通过洗涤器除去。,""msds库"":msds库}"
[危化品],"{""硝化棉危化品指导手册"":硝化棉危化品指导手册,""name"":硝化棉}",分子量,[分子量],"{""name"":504.28,""msds库"":msds库}"
[危化品],"{""硝化棉危化品指导手册"":硝化棉危化品指导手册,""name"":硝化棉}",分解产物,[分解产物],"{""name"":一氧化碳、二氧化碳、氮氧化物。,""msds库"":msds库}"
[危化品],"{""硝化棉危化品指导手册"":硝化棉危化品指导手册,""name"":硝化棉}",主要成分,[主要成分],"{""name"":纯品,""msds库"":msds库}"
[危化品],"{""硝化棉危化品指导手册"":硝化棉危化品指导手册,""name"":硝化棉}",用途,[用途],"{""name"":用于生产赛璐珞、影片、漆片、炸药等。,""msds库"":msds库}"
[危化品],"{""硝化棉危化品指导手册"":硝化棉危化品指导手册,""name"":硝化棉}",溶解性,[溶解性],"{""name"":不溶于水,溶于酯、丙酮。,""msds库"":msds库}"
[危化品],"{""硝化棉危化品指导手册"":硝化棉危化品指导手册,""name"":硝化棉}",形状,[形状],"{""msds库"":msds库,""name"":棉絮状；纤维状}"
[危化品],"{""汽油危化品指导手册"":汽油危化品指导手册,""name"":汽油}",其他有害作用,[其他有害作用],"{""name"":该物质对环境可能有危害，对水体应给予特别注意。,""msds库"":msds库}"
[危化品],"{""硝化棉危化品指导手册"":硝化棉危化品指导手册,""name"":硝化棉}",是否分享,[是否分享],"{""name"":1,""msds库"":msds库}"
[危化品],"{""汽油危化品指导手册"":汽油危化品指导手册,""name"":汽油}",是否分享,[是否分享],"{""name"":1,""msds库"":msds库}"
[危化品],"{""硝化棉危化品指导手册"":硝化棉危化品指导手册,""name"":硝化棉}",皮肤接触,[皮肤接触],"{""name"":脱去污染的衣着,用流动清水冲洗。,""msds库"":msds库}"
[危化品],"{""硝化棉危化品指导手册"":硝化棉危化品指导手册,""name"":硝化棉}",吸入,[吸入],"{""name"":脱离现场至空气新鲜处。,""msds库"":msds库}"
[危化品],"{""硝化棉危化品指导手册"":硝化棉危化品指导手册,""name"":硝化棉}",急性毒性,[急性毒性],"{""name"":大鼠经口LD50：>5  mg/kg；小鼠经口LD50：>5 gm/kg,""msds库"":msds库}"
[危化品],"{""硝化棉危化品指导手册"":硝化棉危化品指导手册,""name"":硝化棉}",健康危害,[健康危害],"{""name"":硝化棉本身对健康基本无害。,""msds库"":msds库}"
[危化品],"{""硝化棉危化品指导手册"":硝化棉危化品指导手册,""name"":硝化棉}",包装方法,[包装方法],"{""name"":。,""msds库"":msds库}"
[危化品],"{""硝化棉危化品指导手册"":硝化棉危化品指导手册,""name"":硝化棉}",工程控制,[工程控制],"{""name"":密闭操作,局部排风。,""msds库"":msds库}"
[危化品],"{""硝化棉危化品指导手册"":硝化棉危化品指导手册,""name"":硝化棉}",储运注意事项,[储运注意事项],"{""name"":铁路运输时须报铁路局进行试运,试运期为两年。试运结束后,写出试运报告,报铁道部正式公布运输条件。运输时运输车辆应配备相应品种和数量的消防器材及泄漏应急处理设备。装运本品的车辆排气管须有阻火装置。运输过程中要确保容器不泄漏、不倒塌、不坠落、不损坏。严禁与氧化剂等混装混运。运输途中应防曝晒、雨淋,防高温。中途停留时应远离火种、热源。车辆运输完毕应进行彻底清扫。铁路运输时要禁止溜放。?,""msds库"":msds库}"
[危化品],"{""硝化棉危化品指导手册"":硝化棉危化品指导手册,""name"":硝化棉}",呼吸系统防护措施,[呼吸系统防护措施],"{""name"":空气中粉尘浓度较高时,建议佩戴自吸过滤式防尘口罩。,""msds库"":msds库}"
[危化品],"{""硝化棉危化品指导手册"":硝化棉危化品指导手册,""name"":硝化棉}",燃爆危害,[燃爆危害],"{""name"":本品易燃,具爆炸性。,""msds库"":msds库}"
[危化品],"{""硝化棉危化品指导手册"":硝化棉危化品指导手册,""name"":硝化棉}",有害燃烧产物,[有害燃烧产物],"{""name"":一氧化碳、二氧化碳、氮氧化物。,""msds库"":msds库}"
[危化品],"{""硝化棉危化品指导手册"":硝化棉危化品指导手册,""name"":硝化棉}",引燃温度___,[引燃温度___],"{""name"":170.0,""msds库"":msds库}"
[危化品],"{""硝化棉危化品指导手册"":硝化棉危化品指导手册,""name"":硝化棉}",其他有害作用,[其他有害作用],"{""name"":。,""msds库"":msds库}"
[危化品],"{""硝化棉危化品指导手册"":硝化棉危化品指导手册,""name"":硝化棉}",气味,[气味],"{""name"":无味,""msds库"":msds库}"
[危化品],"{""汽油危化品指导手册"":汽油危化品指导手册,""name"":汽油}",相态,[相态],"{""name"":液态,""msds库"":msds库}"
[危化品],"{""硝化棉危化品指导手册"":硝化棉危化品指导手册,""name"":硝化棉}",眼睛接触,[眼睛接触],"{""name"":提起眼睑,用流动清水或生理盐水冲洗。就医。,""msds库"":msds库}"
[危化品],"{""硝化棉危化品指导手册"":硝化棉危化品指导手册,""name"":硝化棉}",法规信息,[法规信息],"{""name"":化学危险物品安全管理条例 (1987年2月17日国务院发布),化学危险物品安全管理条例实施细则 (化劳发[1992] 677号),工作场所安全使用化学品规定 ([1996]劳部发423号)等法规,针对化学危险品的安全使用、生产、储存、运输、装卸等方面均作了相应规定；常用危险化学品的分类及标志 (GB 13690-92)将该物质划为第4.1 类易燃固体。,""msds库"":msds库}"
[危化品],"{""硝化棉危化品指导手册"":硝化棉危化品指导手册,""name"":硝化棉}",危险货物编号,[危险货物编号],"{""name"":41031,""msds库"":msds库}"
[危化品],"{""硝化棉危化品指导手册"":硝化棉危化品指导手册,""name"":硝化棉}",CAS号,[CAS号],"{""name"":9004-70-0,""msds库"":msds库}"
[危化品],"{""硝化棉危化品指导手册"":硝化棉危化品指导手册,""name"":硝化棉}",UN编号,[UN编号],"{""name"":2556,""msds库"":msds库}"
[危化品],"{""硝化棉危化品指导手册"":硝化棉危化品指导手册,""name"":硝化棉}",禁配物,[禁配物],"{""msds库"":msds库,""name"":强氧化剂、胺类。}"
[危化品],"{""硝化棉危化品指导手册"":硝化棉危化品指导手册,""name"":硝化棉}",手部防护措施,[手部防护措施],"{""msds库"":msds库,""name"":戴一般作业防护手住}"
[危化品],"{""硝化棉危化品指导手册"":硝化棉危化品指导手册,""name"":硝化棉}",食入,[食入],"{""name"":饮足量温水,催吐。就医。,""msds库"":msds库}"
[危化品],"{""硝化棉危化品指导手册"":硝化棉危化品指导手册,""name"":硝化棉}",熔点___,[熔点___],"{""name"":165,""msds库"":msds库}"
[危化品],"{""硝化棉危化品指导手册"":硝化棉危化品指导手册,""name"":硝化棉}",中文名称2,[中文名称2],"{""name"":硝化纤维素;火棉胶;火药棉;硝化火药,""msds库"":msds库}"
[危化品],"{""硝化棉危化品指导手册"":硝化棉危化品指导手册,""name"":硝化棉}",有害分解产物,[有害分解产物],"{""msds库"":msds库,""name"":不能出现}"
[危化品],"{""硝化棉危化品指导手册"":硝化棉危化品指导手册,""name"":硝化棉}",操作注意事项,[操作注意事项],"{""name"":密闭操作,局部排风。操作人员必须经过专门培训,严格遵守操作规程。建议操作人员佩戴自吸过滤式防尘口罩,穿防静电工作服。远离火种、热源,工作场所严禁吸烟。使用防爆型的通风系统和设备。避免产生粉尘。避免与氧化剂接触。搬运时要轻装轻卸,防止包装及容器损坏。禁止震动、撞击和摩擦。配备相应品种和数量的消防器材及泄漏应急处理设备。倒空的容器可能残留有害物。,""msds库"":msds库}"
[危化品],"{""硝化棉危化品指导手册"":硝化棉危化品指导手册,""name"":硝化棉}",其他防护措施,[其他防护措施],"{""name"":工作现场禁止吸烟、进食和饮水。工作完毕,淋浴更衣。注意个人清洁卫生。,""msds库"":msds库}"
[危化品],"{""硝化棉危化品指导手册"":硝化棉危化品指导手册,""name"":硝化棉}",颜色,[颜色],"{""msds库"":msds库,""name"":白色；微黄色}"
[危化品],"{""汽油危化品指导手册"":汽油危化品指导手册,""name"":汽油}",颜色,[颜色],"{""msds库"":msds库,""name"":无色；淡黄色}"
[危化品],"{""硝化棉危化品指导手册"":硝化棉危化品指导手册,""name"":硝化棉}",避免接触条件,[避免接触条件],"{""name"":受热。,""msds库"":msds库}"
[危化品],"{""硝化棉危化品指导手册"":硝化棉危化品指导手册,""name"":硝化棉}",存储注意事项,[存储注意事项],"{""name"":储存于阴凉、通风的库房。远离火种、热源。库温不超过25℃,相对湿度不超过80%。保持容器密封。应与氧化剂等分开存放,切忌混储。采用防爆型照明、通风设施。禁止使用易产生火花的机械设备和工具。储区应备有合适的材料收容泄漏物。,""msds库"":msds库}"
[危化品],"{""硝化棉危化品指导手册"":硝化棉危化品指导手册,""name"":硝化棉}",危险性类别,[危险性类别],"{""msds库"":msds库,""name"":第4.1类 易燃固体}"
[危化品],"{""硝化棉危化品指导手册"":硝化棉危化品指导手册,""name"":硝化棉}",相对密度_空气_1_,[相对密度_空气_1_],"{""name"":1.62,""msds库"":msds库}"
[危化品],"{""硝化棉危化品指导手册"":硝化棉危化品指导手册,""name"":硝化棉}",包装类别,[包装类别],"{""name"":Z01,""msds库"":msds库}"
[危化品],"{""硝化棉危化品指导手册"":硝化棉危化品指导手册,""name"":硝化棉}",闪点___,[闪点___],"{""name"":12.8,""msds库"":msds库}"
[危化品],"{""硝化棉危化品指导手册"":硝化棉危化品指导手册,""name"":硝化棉}",沸点___,[沸点___],"{""name"":83,""msds库"":msds库}"
[危化品],"{""硝化棉危化品指导手册"":硝化棉危化品指导手册,""name"":硝化棉}",灭火方法,[灭火方法],"{""name"":消防人员须在有防爆掩蔽处操作。尽可能将容器从火场移至空旷处。灭火剂：水、雾状水、泡沫、干粉、二氧化碳。禁止用砂土压盖。,""msds库"":msds库}"
[危化品],"{""硝化棉危化品指导手册"":硝化棉危化品指导手册,""name"":硝化棉}",有害物成分,[有害物成分],"{""name"":硝化棉,""msds库"":msds库}"
[危化品],"{""硝化棉危化品指导手册"":硝化棉危化品指导手册,""name"":硝化棉}",英文名称2,[英文名称2],"{""msds库"":msds库,""name"":Cellulosenitrate}"
[危化品],"{""硝化棉危化品指导手册"":硝化棉危化品指导手册,""name"":硝化棉}",分子式,[分子式],"{""name"":C12H17(ONO2)3O7～C12H14(ONO2)6O7,""msds库"":msds库}"
[危化品],"{""硝化棉危化品指导手册"":硝化棉危化品指导手册,""name"":硝化棉}",相态,[相态],"{""name"":固态,""msds库"":msds库}"
[事故状态类型],"{""汽油危化品指导手册"":汽油危化品指导手册,""name"":储存事故}",储存事故类型,[事故类型],"{""汽油危化品指导手册"":汽油危化品指导手册,""name"":着火事故}"
[措施名称],"{""汽油危化品指导手册"":汽油危化品指导手册,""name"":第一时间了解灾情信息}",着火事故细则,[措施细则],"{""汽油危化品指导手册"":汽油危化品指导手册,""name"":a.第一出动的火场指挥员，应在行车途中与指挥中心保持联系，不断了解火场情况并及时听取上级指示，做好到场前的战斗准备。}"
[事故类型],"{""汽油危化品指导手册"":汽油危化品指导手册,""name"":着火事故}",事故措施,[措施名称],"{""汽油危化品指导手册"":汽油危化品指导手册,""name"":现场侦检}"
[措施名称],"{""汽油危化品指导手册"":汽油危化品指导手册,""name"":现场侦检}",着火事故细则,[措施细则],"{""汽油危化品指导手册"":汽油危化品指导手册,""name"":d.其他有关信息。}"
[措施名称],"{""汽油危化品指导手册"":汽油危化品指导手册,""name"":应急处置}",着火事故细则,[措施细则],"{""汽油危化品指导手册"":汽油危化品指导手册,""name"":a.外围预先部署。到达火灾现场，指挥员在采取措施、组织力量控制火灾蔓延、防止爆炸的同时，必须组织到场力量在外围作强攻近战的部署，包括消防车占领水源铺设水带线路、确定进攻路线、调集增援力量等。}"
[事故状态类型],"{""汽油危化品指导手册"":汽油危化品指导手册,""name"":储存事故}",储存事故类型,[事故类型],"{""汽油危化品指导手册"":汽油危化品指导手册,""name"":爆炸事故}"
[措施名称],"{""汽油危化品指导手册"":汽油危化品指导手册,""name"":现场询情，制定处置方案}",爆炸事故细则,[措施细则],"{""汽油危化品指导手册"":汽油危化品指导手册,""name"":a.应急救援人员到现场后，要问清事故单位的有关工程技术人员和当事人，全面了解事故区域还存在哪些爆炸物品及其数量。事故点存放的是单一品种，还是多种爆炸物品。}"
[措施名称],"{""汽油危化品指导手册"":汽油危化品指导手册,""name"":实施现场警戒与撤离}",爆炸事故细则,[措施细则],"{""汽油危化品指导手册"":汽油危化品指导手册,""name"":b.清除着火源、清除关停周围热源，关闭非防爆通信工具。}"
[措施名称],"{""汽油危化品指导手册"":汽油危化品指导手册,""name"":转移}",爆炸事故细则,[措施细则],"{""汽油危化品指导手册"":汽油危化品指导手册,""name"":a.对发生事故现场及附近未着火爆炸的物品在安全条件下应及时转移，防止火灾蔓延或爆炸物品的二次爆炸。}"
[事故状态类型],"{""硝化棉危化品指导手册"":硝化棉危化品指导手册,""name"":储存事故}",储存事故类型,[事故类型],"{""硝化棉危化品指导手册"":硝化棉危化品指导手册,""name"":着火事故}"
[事故状态类型],"{""硝化棉危化品指导手册"":硝化棉危化品指导手册,""name"":储存事故}",储存事故类型,[事故类型],"{""硝化棉危化品指导手册"":硝化棉危化品指导手册,""name"":爆炸事故}"
[危化品],"{""硝化棉危化品指导手册"":硝化棉危化品指导手册,""name"":硝化棉}",状态类型,[事故状态类型],"{""硝化棉危化品指导手册"":硝化棉危化品指导手册,""name"":运输事故处置程序}"
